/Backup/sperez/vise/data/images/corpus-26000/19908.jpg,1
/Backup/sperez/vise/data/images/corpus-26000/25823.jpg,1
/Backup/sperez/vise/data/images/corpus-26000/16275.jpg,1
/Backup/sperez/vise/data/images/corpus-26000/18593.jpg,1
/Backup/sperez/vise/data/images/corpus-26000/9585.jpg,1
/Backup/sperez/vise/data/images/corpus-26000/23414.jpg,1
/Backup/sperez/vise/data/images/corpus-26000/13029.jpg,1
/Backup/sperez/vise/data/images/corpus-26000/2774.jpg,1
/Backup/sperez/vise/data/images/corpus-26000/11493.jpg,1
/Backup/sperez/vise/data/images/corpus-26000/11304.jpg,1
/Backup/sperez/vise/data/images/corpus-26000/11766.jpg,1
/Backup/sperez/vise/data/images/corpus-26000/9704.jpg,1
/Backup/sperez/vise/data/images/corpus-26000/2124.jpg,1
/Backup/sperez/vise/data/images/corpus-26000/11531.jpg,1
/Backup/sperez/vise/data/images/corpus-26000/11086.jpg,1
/Backup/sperez/vise/data/images/corpus-26000/23796.jpg,1
/Backup/sperez/vise/data/images/corpus-26000/12138.jpg,1
/Backup/sperez/vise/data/images/corpus-26000/10647.jpg,1
/Backup/sperez/vise/data/images/corpus-26000/10520.jpg,1
/Backup/sperez/vise/data/images/corpus-26000/15647.jpg,1
/Backup/sperez/vise/data/images/corpus-26000/14629.jpg,1
/Backup/sperez/vise/data/images/corpus-26000/11334.jpg,1
/Backup/sperez/vise/data/images/corpus-26000/8996.jpg,1
/Backup/sperez/vise/data/images/corpus-26000/12757.jpg,1
/Backup/sperez/vise/data/images/corpus-26000/6617.jpg,1
/Backup/sperez/vise/data/images/corpus-26000/3016.jpg,1
/Backup/sperez/vise/data/images/corpus-26000/25604.jpg,1
/Backup/sperez/vise/data/images/corpus-26000/17163.jpg,1
/Backup/sperez/vise/data/images/corpus-26000/7683.jpg,1
/Backup/sperez/vise/data/images/corpus-26000/15505.jpg,1
/Backup/sperez/vise/data/images/corpus-26000/4572.jpg,1
/Backup/sperez/vise/data/images/corpus-26000/15219.jpg,1
/Backup/sperez/vise/data/images/corpus-26000/23024.jpg,1
/Backup/sperez/vise/data/images/corpus-26000/17512.jpg,1
/Backup/sperez/vise/data/images/corpus-26000/12077.jpg,1
/Backup/sperez/vise/data/images/corpus-26000/17493.jpg,1
/Backup/sperez/vise/data/images/corpus-26000/10817.jpg,1
/Backup/sperez/vise/data/images/corpus-26000/21758.jpg,1
/Backup/sperez/vise/data/images/corpus-26000/11765.jpg,1
/Backup/sperez/vise/data/images/corpus-26000/10003.jpg,1
/Backup/sperez/vise/data/images/corpus-26000/0493.jpg,1
/Backup/sperez/vise/data/images/corpus-26000/18529.jpg,1
/Backup/sperez/vise/data/images/corpus-26000/18472.jpg,1
/Backup/sperez/vise/data/images/corpus-26000/11359.jpg,1
/Backup/sperez/vise/data/images/corpus-26000/11376.jpg,1
/Backup/sperez/vise/data/images/corpus-26000/12055.jpg,1
/Backup/sperez/vise/data/images/corpus-26000/0721.jpg,1
/Backup/sperez/vise/data/images/corpus-26000/16339.jpg,1
/Backup/sperez/vise/data/images/corpus-26000/15839.jpg,1
/Backup/sperez/vise/data/images/corpus-26000/17850.jpg,1
/Backup/sperez/vise/data/images/corpus-26000/10618.jpg,1
/Backup/sperez/vise/data/images/corpus-26000/16774.jpg,1
/Backup/sperez/vise/data/images/corpus-26000/17065.jpg,1
/Backup/sperez/vise/data/images/corpus-26000/7641.jpg,1
/Backup/sperez/vise/data/images/corpus-26000/12034.jpg,1
/Backup/sperez/vise/data/images/corpus-26000/9417.jpg,1
/Backup/sperez/vise/data/images/corpus-26000/3566.jpg,1
/Backup/sperez/vise/data/images/corpus-26000/19769.jpg,1
/Backup/sperez/vise/data/images/corpus-26000/11372.jpg,1
/Backup/sperez/vise/data/images/corpus-26000/3091.jpg,1
/Backup/sperez/vise/data/images/corpus-26000/12411.jpg,1
/Backup/sperez/vise/data/images/corpus-26000/14765.jpg,1
/Backup/sperez/vise/data/images/corpus-26000/13653.jpg,1
/Backup/sperez/vise/data/images/corpus-26000/5239.jpg,1
/Backup/sperez/vise/data/images/corpus-26000/11318.jpg,1
/Backup/sperez/vise/data/images/corpus-26000/11284.jpg,1
/Backup/sperez/vise/data/images/corpus-26000/19543.jpg,1
/Backup/sperez/vise/data/images/corpus-26000/13227.jpg,1
/Backup/sperez/vise/data/images/corpus-26000/2501.jpg,1
/Backup/sperez/vise/data/images/corpus-26000/16073.jpg,1
/Backup/sperez/vise/data/images/corpus-26000/23652.jpg,1
/Backup/sperez/vise/data/images/corpus-26000/26039.jpg,1
/Backup/sperez/vise/data/images/corpus-26000/9155.jpg,1
/Backup/sperez/vise/data/images/corpus-26000/12998.jpg,1
/Backup/sperez/vise/data/images/corpus-26000/0366.jpg,1
/Backup/sperez/vise/data/images/corpus-26000/15624.jpg,1
/Backup/sperez/vise/data/images/corpus-26000/22113.jpg,1
/Backup/sperez/vise/data/images/corpus-26000/19515.jpg,1
/Backup/sperez/vise/data/images/corpus-26000/9487.jpg,1
/Backup/sperez/vise/data/images/corpus-26000/12974.jpg,1
/Backup/sperez/vise/data/images/corpus-26000/10895.jpg,1
/Backup/sperez/vise/data/images/corpus-26000/11383.jpg,1
/Backup/sperez/vise/data/images/corpus-26000/24054.jpg,1
/Backup/sperez/vise/data/images/corpus-26000/10363.jpg,1
/Backup/sperez/vise/data/images/corpus-26000/12363.jpg,1
/Backup/sperez/vise/data/images/corpus-26000/22045.jpg,1
/Backup/sperez/vise/data/images/corpus-26000/19388.jpg,1
/Backup/sperez/vise/data/images/corpus-26000/1661.jpg,1
/Backup/sperez/vise/data/images/corpus-26000/16905.jpg,1
/Backup/sperez/vise/data/images/corpus-26000/13611.jpg,1
/Backup/sperez/vise/data/images/corpus-26000/15698.jpg,1
/Backup/sperez/vise/data/images/corpus-26000/22026.jpg,1
/Backup/sperez/vise/data/images/corpus-26000/20879.jpg,1
/Backup/sperez/vise/data/images/corpus-26000/10715.jpg,1
/Backup/sperez/vise/data/images/corpus-26000/3711.jpg,1
/Backup/sperez/vise/data/images/corpus-26000/23587.jpg,1
/Backup/sperez/vise/data/images/corpus-26000/0463.jpg,1
/Backup/sperez/vise/data/images/corpus-26000/15131.jpg,1
/Backup/sperez/vise/data/images/corpus-26000/15743.jpg,1
/Backup/sperez/vise/data/images/corpus-26000/10769.jpg,1
/Backup/sperez/vise/data/images/corpus-26000/16203.jpg,1
/Backup/sperez/vise/data/images/corpus-26000/10999.jpg,1
/Backup/sperez/vise/data/images/corpus-26000/2638.jpg,1
/Backup/sperez/vise/data/images/corpus-26000/10865.jpg,1
/Backup/sperez/vise/data/images/corpus-26000/13815.jpg,1
/Backup/sperez/vise/data/images/corpus-26000/14980.jpg,1
/Backup/sperez/vise/data/images/corpus-26000/22514.jpg,1
/Backup/sperez/vise/data/images/corpus-26000/25508.jpg,1
/Backup/sperez/vise/data/images/corpus-26000/9677.jpg,1
/Backup/sperez/vise/data/images/corpus-26000/13171.jpg,1
/Backup/sperez/vise/data/images/corpus-26000/23361.jpg,1
/Backup/sperez/vise/data/images/corpus-26000/15558.jpg,1
/Backup/sperez/vise/data/images/corpus-26000/25974.jpg,1
/Backup/sperez/vise/data/images/corpus-26000/4605.jpg,1
/Backup/sperez/vise/data/images/corpus-26000/20719.jpg,1
/Backup/sperez/vise/data/images/corpus-26000/14041.jpg,1
/Backup/sperez/vise/data/images/corpus-26000/9182.jpg,1
/Backup/sperez/vise/data/images/corpus-26000/1626.jpg,1
/Backup/sperez/vise/data/images/corpus-26000/19408.jpg,1
/Backup/sperez/vise/data/images/corpus-26000/17219.jpg,1
/Backup/sperez/vise/data/images/corpus-26000/18321.jpg,1
/Backup/sperez/vise/data/images/corpus-26000/22967.jpg,1
/Backup/sperez/vise/data/images/corpus-26000/0227.jpg,1
/Backup/sperez/vise/data/images/corpus-26000/19871.jpg,1
/Backup/sperez/vise/data/images/corpus-26000/22779.jpg,1
/Backup/sperez/vise/data/images/corpus-26000/1575.jpg,1
/Backup/sperez/vise/data/images/corpus-26000/5476.jpg,1
/Backup/sperez/vise/data/images/corpus-26000/20019.jpg,1
/Backup/sperez/vise/data/images/corpus-26000/21544.jpg,1
/Backup/sperez/vise/data/images/corpus-26000/15598.jpg,1
/Backup/sperez/vise/data/images/corpus-26000/15288.jpg,1
/Backup/sperez/vise/data/images/corpus-26000/2593.jpg,1
/Backup/sperez/vise/data/images/corpus-26000/14959.jpg,1
/Backup/sperez/vise/data/images/corpus-26000/24093.jpg,1
/Backup/sperez/vise/data/images/corpus-26000/2055.jpg,1
/Backup/sperez/vise/data/images/corpus-26000/4309.jpg,1
/Backup/sperez/vise/data/images/corpus-26000/6286.jpg,1
/Backup/sperez/vise/data/images/corpus-26000/11808.jpg,1
/Backup/sperez/vise/data/images/corpus-26000/15689.jpg,1
/Backup/sperez/vise/data/images/corpus-26000/21165.jpg,1
/Backup/sperez/vise/data/images/corpus-26000/2440.jpg,1
/Backup/sperez/vise/data/images/corpus-26000/13701.jpg,1
/Backup/sperez/vise/data/images/corpus-26000/1614.jpg,1
/Backup/sperez/vise/data/images/corpus-26000/0032.jpg,1
/Backup/sperez/vise/data/images/corpus-26000/11101.jpg,1
/Backup/sperez/vise/data/images/corpus-26000/17097.jpg,1
/Backup/sperez/vise/data/images/corpus-26000/10749.jpg,1
/Backup/sperez/vise/data/images/corpus-26000/10674.jpg,1
/Backup/sperez/vise/data/images/corpus-26000/13917.jpg,1
/Backup/sperez/vise/data/images/corpus-26000/19463.jpg,1
/Backup/sperez/vise/data/images/corpus-26000/10966.jpg,1
/Backup/sperez/vise/data/images/corpus-26000/16955.jpg,1
/Backup/sperez/vise/data/images/corpus-26000/15933.jpg,1
/Backup/sperez/vise/data/images/corpus-26000/12086.jpg,1
/Backup/sperez/vise/data/images/corpus-26000/1260.jpg,1
/Backup/sperez/vise/data/images/corpus-26000/11809.jpg,1
/Backup/sperez/vise/data/images/corpus-26000/17956.jpg,1
/Backup/sperez/vise/data/images/corpus-26000/16989.jpg,1
/Backup/sperez/vise/data/images/corpus-26000/19067.jpg,1
/Backup/sperez/vise/data/images/corpus-26000/22062.jpg,1
/Backup/sperez/vise/data/images/corpus-26000/13017.jpg,1
/Backup/sperez/vise/data/images/corpus-26000/17030.jpg,1
/Backup/sperez/vise/data/images/corpus-26000/21909.jpg,1
/Backup/sperez/vise/data/images/corpus-26000/13401.jpg,1
/Backup/sperez/vise/data/images/corpus-26000/2321.jpg,1
/Backup/sperez/vise/data/images/corpus-26000/9623.jpg,1
/Backup/sperez/vise/data/images/corpus-26000/9772.jpg,1
/Backup/sperez/vise/data/images/corpus-26000/22061.jpg,1
/Backup/sperez/vise/data/images/corpus-26000/3080.jpg,1
/Backup/sperez/vise/data/images/corpus-26000/17998.jpg,1
/Backup/sperez/vise/data/images/corpus-26000/11214.jpg,1
/Backup/sperez/vise/data/images/corpus-26000/17672.jpg,1
/Backup/sperez/vise/data/images/corpus-26000/10927.jpg,1
/Backup/sperez/vise/data/images/corpus-26000/11745.jpg,1
/Backup/sperez/vise/data/images/corpus-26000/10580.jpg,1
/Backup/sperez/vise/data/images/corpus-26000/15315.jpg,1
/Backup/sperez/vise/data/images/corpus-26000/21851.jpg,1
/Backup/sperez/vise/data/images/corpus-26000/12480.jpg,1
/Backup/sperez/vise/data/images/corpus-26000/11220.jpg,1
/Backup/sperez/vise/data/images/corpus-26000/13380.jpg,1
/Backup/sperez/vise/data/images/corpus-26000/0244.jpg,1
/Backup/sperez/vise/data/images/corpus-26000/3111.jpg,1
/Backup/sperez/vise/data/images/corpus-26000/22001.jpg,1
/Backup/sperez/vise/data/images/corpus-26000/10910.jpg,1
/Backup/sperez/vise/data/images/corpus-26000/21064.jpg,1
/Backup/sperez/vise/data/images/corpus-26000/17730.jpg,1
/Backup/sperez/vise/data/images/corpus-26000/16457.jpg,1
/Backup/sperez/vise/data/images/corpus-26000/5621.jpg,1
/Backup/sperez/vise/data/images/corpus-26000/17440.jpg,1
/Backup/sperez/vise/data/images/corpus-26000/17390.jpg,1
/Backup/sperez/vise/data/images/corpus-26000/22682.jpg,1
/Backup/sperez/vise/data/images/corpus-26000/16618.jpg,1
/Backup/sperez/vise/data/images/corpus-26000/25871.jpg,1
/Backup/sperez/vise/data/images/corpus-26000/2192.jpg,1
/Backup/sperez/vise/data/images/corpus-26000/16514.jpg,1
/Backup/sperez/vise/data/images/corpus-26000/1298.jpg,1
/Backup/sperez/vise/data/images/corpus-26000/16319.jpg,1
/Backup/sperez/vise/data/images/corpus-26000/14205.jpg,1
/Backup/sperez/vise/data/images/corpus-26000/17360.jpg,1
/Backup/sperez/vise/data/images/corpus-26000/16495.jpg,1
/Backup/sperez/vise/data/images/corpus-26000/21136.jpg,1
/Backup/sperez/vise/data/images/corpus-26000/0163.jpg,1
/Backup/sperez/vise/data/images/corpus-26000/22398.jpg,1
/Backup/sperez/vise/data/images/corpus-26000/6666.jpg,1
/Backup/sperez/vise/data/images/corpus-26000/2822.jpg,1
/Backup/sperez/vise/data/images/corpus-26000/17078.jpg,1
/Backup/sperez/vise/data/images/corpus-26000/17536.jpg,1
/Backup/sperez/vise/data/images/corpus-26000/1986.jpg,1
/Backup/sperez/vise/data/images/corpus-26000/25301.jpg,1
/Backup/sperez/vise/data/images/corpus-26000/10944.jpg,1
/Backup/sperez/vise/data/images/corpus-26000/11343.jpg,1
/Backup/sperez/vise/data/images/corpus-26000/15995.jpg,1
/Backup/sperez/vise/data/images/corpus-26000/9349.jpg,1
/Backup/sperez/vise/data/images/corpus-26000/12277.jpg,1
/Backup/sperez/vise/data/images/corpus-26000/19833.jpg,1
/Backup/sperez/vise/data/images/corpus-26000/9398.jpg,1
/Backup/sperez/vise/data/images/corpus-26000/9975.jpg,1
/Backup/sperez/vise/data/images/corpus-26000/13265.jpg,1
/Backup/sperez/vise/data/images/corpus-26000/12237.jpg,1
/Backup/sperez/vise/data/images/corpus-26000/24591.jpg,1
/Backup/sperez/vise/data/images/corpus-26000/23771.jpg,1
/Backup/sperez/vise/data/images/corpus-26000/15479.jpg,1
/Backup/sperez/vise/data/images/corpus-26000/2511.jpg,1
/Backup/sperez/vise/data/images/corpus-26000/1834.jpg,1
/Backup/sperez/vise/data/images/corpus-26000/26011.jpg,1
/Backup/sperez/vise/data/images/corpus-26000/11075.jpg,1
/Backup/sperez/vise/data/images/corpus-26000/11760.jpg,1
/Backup/sperez/vise/data/images/corpus-26000/14164.jpg,1
/Backup/sperez/vise/data/images/corpus-26000/13189.jpg,1
/Backup/sperez/vise/data/images/corpus-26000/16596.jpg,1
/Backup/sperez/vise/data/images/corpus-26000/16560.jpg,1
/Backup/sperez/vise/data/images/corpus-26000/1952.jpg,1
/Backup/sperez/vise/data/images/corpus-26000/15759.jpg,1
/Backup/sperez/vise/data/images/corpus-26000/11993.jpg,1
/Backup/sperez/vise/data/images/corpus-26000/10130.jpg,1
/Backup/sperez/vise/data/images/corpus-26000/16939.jpg,1
/Backup/sperez/vise/data/images/corpus-26000/19978.jpg,1
/Backup/sperez/vise/data/images/corpus-26000/10412.jpg,1
/Backup/sperez/vise/data/images/corpus-26000/21350.jpg,1
/Backup/sperez/vise/data/images/corpus-26000/6166.jpg,1
/Backup/sperez/vise/data/images/corpus-26000/3539.jpg,1
/Backup/sperez/vise/data/images/corpus-26000/17269.jpg,1
/Backup/sperez/vise/data/images/corpus-26000/5441.jpg,1
/Backup/sperez/vise/data/images/corpus-26000/0189.jpg,1
/Backup/sperez/vise/data/images/corpus-26000/10722.jpg,1
/Backup/sperez/vise/data/images/corpus-26000/21011.jpg,1
/Backup/sperez/vise/data/images/corpus-26000/20630.jpg,1
/Backup/sperez/vise/data/images/corpus-26000/17016.jpg,1
/Backup/sperez/vise/data/images/corpus-26000/13443.jpg,1
/Backup/sperez/vise/data/images/corpus-26000/10851.jpg,1
/Backup/sperez/vise/data/images/corpus-26000/2914.jpg,1
/Backup/sperez/vise/data/images/corpus-26000/22562.jpg,1
/Backup/sperez/vise/data/images/corpus-26000/9265.jpg,1
/Backup/sperez/vise/data/images/corpus-26000/23480.jpg,1
/Backup/sperez/vise/data/images/corpus-26000/10530.jpg,1
/Backup/sperez/vise/data/images/corpus-26000/14499.jpg,1
/Backup/sperez/vise/data/images/corpus-26000/16184.jpg,1
/Backup/sperez/vise/data/images/corpus-26000/17244.jpg,1
/Backup/sperez/vise/data/images/corpus-26000/12328.jpg,1
/Backup/sperez/vise/data/images/corpus-26000/13948.jpg,1
/Backup/sperez/vise/data/images/corpus-26000/11952.jpg,1
/Backup/sperez/vise/data/images/corpus-26000/14897.jpg,1
/Backup/sperez/vise/data/images/corpus-26000/14829.jpg,1
/Backup/sperez/vise/data/images/corpus-26000/11058.jpg,1
/Backup/sperez/vise/data/images/corpus-26000/14314.jpg,1
/Backup/sperez/vise/data/images/corpus-26000/0864.jpg,1
/Backup/sperez/vise/data/images/corpus-26000/15796.jpg,1
/Backup/sperez/vise/data/images/corpus-26000/12399.jpg,1
/Backup/sperez/vise/data/images/corpus-26000/3321.jpg,1
/Backup/sperez/vise/data/images/corpus-26000/10842.jpg,1
/Backup/sperez/vise/data/images/corpus-26000/11177.jpg,1
/Backup/sperez/vise/data/images/corpus-26000/23322.jpg,1
/Backup/sperez/vise/data/images/corpus-26000/15006.jpg,1
/Backup/sperez/vise/data/images/corpus-26000/12690.jpg,1
/Backup/sperez/vise/data/images/corpus-26000/19749.jpg,1
/Backup/sperez/vise/data/images/corpus-26000/21267.jpg,1
/Backup/sperez/vise/data/images/corpus-26000/0752.jpg,1
/Backup/sperez/vise/data/images/corpus-26000/23917.jpg,1
/Backup/sperez/vise/data/images/corpus-26000/25149.jpg,1
/Backup/sperez/vise/data/images/corpus-26000/14611.jpg,1
/Backup/sperez/vise/data/images/corpus-26000/0997.jpg,1
/Backup/sperez/vise/data/images/corpus-26000/24961.jpg,1
/Backup/sperez/vise/data/images/corpus-26000/17188.jpg,1
/Backup/sperez/vise/data/images/corpus-26000/18947.jpg,1
/Backup/sperez/vise/data/images/corpus-26000/22629.jpg,1
/Backup/sperez/vise/data/images/corpus-26000/15773.jpg,1
/Backup/sperez/vise/data/images/corpus-26000/20092.jpg,1
/Backup/sperez/vise/data/images/corpus-26000/17304.jpg,1
/Backup/sperez/vise/data/images/corpus-26000/20490.jpg,1
/Backup/sperez/vise/data/images/corpus-26000/18869.jpg,1
/Backup/sperez/vise/data/images/corpus-26000/13474.jpg,1
/Backup/sperez/vise/data/images/corpus-26000/1685.jpg,1
/Backup/sperez/vise/data/images/corpus-26000/16301.jpg,1
/Backup/sperez/vise/data/images/corpus-26000/22828.jpg,1
/Backup/sperez/vise/data/images/corpus-26000/16413.jpg,1
/Backup/sperez/vise/data/images/corpus-26000/9607.jpg,1
/Backup/sperez/vise/data/images/corpus-26000/10469.jpg,1
/Backup/sperez/vise/data/images/corpus-26000/3723.jpg,1
/Backup/sperez/vise/data/images/corpus-26000/4936.jpg,1
/Backup/sperez/vise/data/images/corpus-26000/0417.jpg,1
/Backup/sperez/vise/data/images/corpus-26000/17455.jpg,1
/Backup/sperez/vise/data/images/corpus-26000/18417.jpg,1
/Backup/sperez/vise/data/images/corpus-26000/19338.jpg,1
/Backup/sperez/vise/data/images/corpus-26000/17126.jpg,1
/Backup/sperez/vise/data/images/corpus-26000/11631.jpg,1
/Backup/sperez/vise/data/images/corpus-26000/4325.jpg,1
/Backup/sperez/vise/data/images/corpus-26000/17285.jpg,1
/Backup/sperez/vise/data/images/corpus-26000/12170.jpg,1
/Backup/sperez/vise/data/images/corpus-26000/11912.jpg,1
/Backup/sperez/vise/data/images/corpus-26000/14248.jpg,1
/Backup/sperez/vise/data/images/corpus-26000/5602.jpg,1
/Backup/sperez/vise/data/images/corpus-26000/19726.jpg,1
/Backup/sperez/vise/data/images/corpus-26000/19932.jpg,1
/Backup/sperez/vise/data/images/corpus-26000/16095.jpg,1
/Backup/sperez/vise/data/images/corpus-26000/24146.jpg,1
/Backup/sperez/vise/data/images/corpus-26000/10557.jpg,1
/Backup/sperez/vise/data/images/corpus-26000/24741.jpg,1
/Backup/sperez/vise/data/images/corpus-26000/25782.jpg,1
/Backup/sperez/vise/data/images/corpus-26000/1323.jpg,1
/Backup/sperez/vise/data/images/corpus-26000/1379.jpg,1
/Backup/sperez/vise/data/images/corpus-26000/16746.jpg,1
/Backup/sperez/vise/data/images/corpus-26000/11585.jpg,1
/Backup/sperez/vise/data/images/corpus-26000/4357.jpg,1
/Backup/sperez/vise/data/images/corpus-26000/19595.jpg,1
/Backup/sperez/vise/data/images/corpus-26000/10600.jpg,1
/Backup/sperez/vise/data/images/corpus-26000/12628.jpg,1
/Backup/sperez/vise/data/images/corpus-26000/12583.jpg,1
/Backup/sperez/vise/data/images/corpus-26000/22283.jpg,1
/Backup/sperez/vise/data/images/corpus-26000/12390.jpg,1
/Backup/sperez/vise/data/images/corpus-26000/12299.jpg,1
/Backup/sperez/vise/data/images/corpus-26000/12533.jpg,1
/Backup/sperez/vise/data/images/corpus-26000/5891.jpg,1
/Backup/sperez/vise/data/images/corpus-26000/1639.jpg,1
/Backup/sperez/vise/data/images/corpus-26000/17820.jpg,1
/Backup/sperez/vise/data/images/corpus-26000/11550.jpg,1
/Backup/sperez/vise/data/images/corpus-26000/9135.jpg,1
/Backup/sperez/vise/data/images/corpus-26000/20332.jpg,1
/Backup/sperez/vise/data/images/corpus-26000/17321.jpg,1
/Backup/sperez/vise/data/images/corpus-26000/22465.jpg,1
/Backup/sperez/vise/data/images/corpus-26000/22353.jpg,1
/Backup/sperez/vise/data/images/corpus-26000/4680.jpg,1
/Backup/sperez/vise/data/images/corpus-26000/17340.jpg,1
/Backup/sperez/vise/data/images/corpus-26000/9378.jpg,1
/Backup/sperez/vise/data/images/corpus-26000/20854.jpg,1
/Backup/sperez/vise/data/images/corpus-26000/16042.jpg,1
/Backup/sperez/vise/data/images/corpus-26000/17403.jpg,1
/Backup/sperez/vise/data/images/corpus-26000/0769.jpg,1
/Backup/sperez/vise/data/images/corpus-26000/1757.jpg,1
/Backup/sperez/vise/data/images/corpus-26000/11866.jpg,1
/Backup/sperez/vise/data/images/corpus-26000/3302.jpg,1
/Backup/sperez/vise/data/images/corpus-26000/3382.jpg,1
/Backup/sperez/vise/data/images/corpus-26000/2696.jpg,1
/Backup/sperez/vise/data/images/corpus-26000/4276.jpg,1
/Backup/sperez/vise/data/images/corpus-26000/5312.jpg,1
/Backup/sperez/vise/data/images/corpus-26000/15680.jpg,1
/Backup/sperez/vise/data/images/corpus-26000/12989.jpg,1
/Backup/sperez/vise/data/images/corpus-26000/0319.jpg,1
/Backup/sperez/vise/data/images/corpus-26000/15727.jpg,1
/Backup/sperez/vise/data/images/corpus-26000/23875.jpg,1
/Backup/sperez/vise/data/images/corpus-26000/11025.jpg,1
/Backup/sperez/vise/data/images/corpus-26000/0516.jpg,1
/Backup/sperez/vise/data/images/corpus-26000/17892.jpg,1
/Backup/sperez/vise/data/images/corpus-26000/16822.jpg,1
/Backup/sperez/vise/data/images/corpus-26000/22886.jpg,1
/Backup/sperez/vise/data/images/corpus-26000/6367.jpg,1
/Backup/sperez/vise/data/images/corpus-26000/5717.jpg,1
/Backup/sperez/vise/data/images/corpus-26000/0015.jpg,0
/Backup/sperez/vise/data/images/corpus-26000/10479.jpg,0
/Backup/sperez/vise/data/images/corpus-26000/3934.jpg,0
/Backup/sperez/vise/data/images/corpus-26000/13069.jpg,0
/Backup/sperez/vise/data/images/corpus-26000/5812.jpg,0
/Backup/sperez/vise/data/images/corpus-26000/3678.jpg,0
/Backup/sperez/vise/data/images/corpus-26000/6915.jpg,0
/Backup/sperez/vise/data/images/corpus-26000/8410.jpg,0
/Backup/sperez/vise/data/images/corpus-26000/22031.jpg,0
/Backup/sperez/vise/data/images/corpus-26000/2388.jpg,0
/Backup/sperez/vise/data/images/corpus-26000/14787.jpg,0
/Backup/sperez/vise/data/images/corpus-26000/18811.jpg,0
/Backup/sperez/vise/data/images/corpus-26000/24927.jpg,0
/Backup/sperez/vise/data/images/corpus-26000/19789.jpg,0
/Backup/sperez/vise/data/images/corpus-26000/25084.jpg,0
/Backup/sperez/vise/data/images/corpus-26000/21627.jpg,0
/Backup/sperez/vise/data/images/corpus-26000/8491.jpg,0
/Backup/sperez/vise/data/images/corpus-26000/5766.jpg,0
/Backup/sperez/vise/data/images/corpus-26000/1921.jpg,0
/Backup/sperez/vise/data/images/corpus-26000/15664.jpg,0
/Backup/sperez/vise/data/images/corpus-26000/14412.jpg,0
/Backup/sperez/vise/data/images/corpus-26000/1167.jpg,0
/Backup/sperez/vise/data/images/corpus-26000/6112.jpg,0
/Backup/sperez/vise/data/images/corpus-26000/0381.jpg,0
/Backup/sperez/vise/data/images/corpus-26000/17192.jpg,0
/Backup/sperez/vise/data/images/corpus-26000/6767.jpg,0
/Backup/sperez/vise/data/images/corpus-26000/8795.jpg,0
/Backup/sperez/vise/data/images/corpus-26000/9664.jpg,0
/Backup/sperez/vise/data/images/corpus-26000/20190.jpg,0
/Backup/sperez/vise/data/images/corpus-26000/8861.jpg,0
/Backup/sperez/vise/data/images/corpus-26000/22496.jpg,0
/Backup/sperez/vise/data/images/corpus-26000/1466.jpg,0
/Backup/sperez/vise/data/images/corpus-26000/2495.jpg,0
/Backup/sperez/vise/data/images/corpus-26000/8504.jpg,0
/Backup/sperez/vise/data/images/corpus-26000/23231.jpg,0
/Backup/sperez/vise/data/images/corpus-26000/16214.jpg,0
/Backup/sperez/vise/data/images/corpus-26000/11791.jpg,0
/Backup/sperez/vise/data/images/corpus-26000/15458.jpg,0
/Backup/sperez/vise/data/images/corpus-26000/8641.jpg,0
/Backup/sperez/vise/data/images/corpus-26000/6508.jpg,0
/Backup/sperez/vise/data/images/corpus-26000/14711.jpg,0
/Backup/sperez/vise/data/images/corpus-26000/4551.jpg,0
/Backup/sperez/vise/data/images/corpus-26000/13660.jpg,0
/Backup/sperez/vise/data/images/corpus-26000/17326.jpg,0
/Backup/sperez/vise/data/images/corpus-26000/1498.jpg,0
/Backup/sperez/vise/data/images/corpus-26000/25748.jpg,0
/Backup/sperez/vise/data/images/corpus-26000/11244.jpg,0
/Backup/sperez/vise/data/images/corpus-26000/9252.jpg,0
/Backup/sperez/vise/data/images/corpus-26000/20571.jpg,0
/Backup/sperez/vise/data/images/corpus-26000/4823.jpg,0
/Backup/sperez/vise/data/images/corpus-26000/1068.jpg,0
/Backup/sperez/vise/data/images/corpus-26000/14390.jpg,0
/Backup/sperez/vise/data/images/corpus-26000/5370.jpg,0
/Backup/sperez/vise/data/images/corpus-26000/23372.jpg,0
/Backup/sperez/vise/data/images/corpus-26000/20419.jpg,0
/Backup/sperez/vise/data/images/corpus-26000/8321.jpg,0
/Backup/sperez/vise/data/images/corpus-26000/23454.jpg,0
/Backup/sperez/vise/data/images/corpus-26000/0661.jpg,0
/Backup/sperez/vise/data/images/corpus-26000/11363.jpg,0
/Backup/sperez/vise/data/images/corpus-26000/10562.jpg,0
/Backup/sperez/vise/data/images/corpus-26000/17607.jpg,0
/Backup/sperez/vise/data/images/corpus-26000/5203.jpg,0
/Backup/sperez/vise/data/images/corpus-26000/10063.jpg,0
/Backup/sperez/vise/data/images/corpus-26000/15579.jpg,0
/Backup/sperez/vise/data/images/corpus-26000/26026.jpg,0
/Backup/sperez/vise/data/images/corpus-26000/20616.jpg,0
/Backup/sperez/vise/data/images/corpus-26000/21098.jpg,0
/Backup/sperez/vise/data/images/corpus-26000/8824.jpg,0
/Backup/sperez/vise/data/images/corpus-26000/3210.jpg,0
/Backup/sperez/vise/data/images/corpus-26000/3141.jpg,0
/Backup/sperez/vise/data/images/corpus-26000/23287.jpg,0
/Backup/sperez/vise/data/images/corpus-26000/1273.jpg,0
/Backup/sperez/vise/data/images/corpus-26000/24817.jpg,0
/Backup/sperez/vise/data/images/corpus-26000/9146.jpg,0
/Backup/sperez/vise/data/images/corpus-26000/17319.jpg,0
/Backup/sperez/vise/data/images/corpus-26000/3914.jpg,0
/Backup/sperez/vise/data/images/corpus-26000/10988.jpg,0
/Backup/sperez/vise/data/images/corpus-26000/10455.jpg,0
/Backup/sperez/vise/data/images/corpus-26000/18675.jpg,0
/Backup/sperez/vise/data/images/corpus-26000/4427.jpg,0
/Backup/sperez/vise/data/images/corpus-26000/10883.jpg,0
/Backup/sperez/vise/data/images/corpus-26000/2775.jpg,0
/Backup/sperez/vise/data/images/corpus-26000/2319.jpg,0
/Backup/sperez/vise/data/images/corpus-26000/1031.jpg,0
/Backup/sperez/vise/data/images/corpus-26000/17689.jpg,0
/Backup/sperez/vise/data/images/corpus-26000/11089.jpg,0
/Backup/sperez/vise/data/images/corpus-26000/19841.jpg,0
/Backup/sperez/vise/data/images/corpus-26000/15769.jpg,0
/Backup/sperez/vise/data/images/corpus-26000/1615.jpg,0
/Backup/sperez/vise/data/images/corpus-26000/2935.jpg,0
/Backup/sperez/vise/data/images/corpus-26000/8696.jpg,0
/Backup/sperez/vise/data/images/corpus-26000/3358.jpg,0
/Backup/sperez/vise/data/images/corpus-26000/19701.jpg,0
/Backup/sperez/vise/data/images/corpus-26000/13070.jpg,0
/Backup/sperez/vise/data/images/corpus-26000/5688.jpg,0
/Backup/sperez/vise/data/images/corpus-26000/4835.jpg,0
/Backup/sperez/vise/data/images/corpus-26000/22251.jpg,0
/Backup/sperez/vise/data/images/corpus-26000/18041.jpg,0
/Backup/sperez/vise/data/images/corpus-26000/7859.jpg,0
/Backup/sperez/vise/data/images/corpus-26000/15814.jpg,0
/Backup/sperez/vise/data/images/corpus-26000/7577.jpg,0
/Backup/sperez/vise/data/images/corpus-26000/22429.jpg,0
/Backup/sperez/vise/data/images/corpus-26000/23374.jpg,0
/Backup/sperez/vise/data/images/corpus-26000/7134.jpg,0
/Backup/sperez/vise/data/images/corpus-26000/14214.jpg,0
/Backup/sperez/vise/data/images/corpus-26000/18428.jpg,0
/Backup/sperez/vise/data/images/corpus-26000/17867.jpg,0
/Backup/sperez/vise/data/images/corpus-26000/2101.jpg,0
/Backup/sperez/vise/data/images/corpus-26000/11728.jpg,0
/Backup/sperez/vise/data/images/corpus-26000/12571.jpg,0
/Backup/sperez/vise/data/images/corpus-26000/14826.jpg,0
/Backup/sperez/vise/data/images/corpus-26000/13705.jpg,0
/Backup/sperez/vise/data/images/corpus-26000/23795.jpg,0
/Backup/sperez/vise/data/images/corpus-26000/10767.jpg,0
/Backup/sperez/vise/data/images/corpus-26000/4220.jpg,0
/Backup/sperez/vise/data/images/corpus-26000/13725.jpg,0
/Backup/sperez/vise/data/images/corpus-26000/19041.jpg,0
/Backup/sperez/vise/data/images/corpus-26000/3275.jpg,0
/Backup/sperez/vise/data/images/corpus-26000/15318.jpg,0
/Backup/sperez/vise/data/images/corpus-26000/15739.jpg,0
/Backup/sperez/vise/data/images/corpus-26000/20640.jpg,0
/Backup/sperez/vise/data/images/corpus-26000/17624.jpg,0
/Backup/sperez/vise/data/images/corpus-26000/11447.jpg,0
/Backup/sperez/vise/data/images/corpus-26000/24695.jpg,0
/Backup/sperez/vise/data/images/corpus-26000/13286.jpg,0
/Backup/sperez/vise/data/images/corpus-26000/16376.jpg,0
/Backup/sperez/vise/data/images/corpus-26000/18845.jpg,0
/Backup/sperez/vise/data/images/corpus-26000/4172.jpg,0
/Backup/sperez/vise/data/images/corpus-26000/6672.jpg,0
/Backup/sperez/vise/data/images/corpus-26000/25615.jpg,0
/Backup/sperez/vise/data/images/corpus-26000/16947.jpg,0
/Backup/sperez/vise/data/images/corpus-26000/13723.jpg,0
/Backup/sperez/vise/data/images/corpus-26000/4263.jpg,0
/Backup/sperez/vise/data/images/corpus-26000/18582.jpg,0
/Backup/sperez/vise/data/images/corpus-26000/19232.jpg,0
/Backup/sperez/vise/data/images/corpus-26000/0822.jpg,0
/Backup/sperez/vise/data/images/corpus-26000/4460.jpg,0
/Backup/sperez/vise/data/images/corpus-26000/3142.jpg,0
/Backup/sperez/vise/data/images/corpus-26000/24115.jpg,0
/Backup/sperez/vise/data/images/corpus-26000/19329.jpg,0
/Backup/sperez/vise/data/images/corpus-26000/11394.jpg,0
/Backup/sperez/vise/data/images/corpus-26000/9096.jpg,0
/Backup/sperez/vise/data/images/corpus-26000/23798.jpg,0
/Backup/sperez/vise/data/images/corpus-26000/0290.jpg,0
/Backup/sperez/vise/data/images/corpus-26000/6099.jpg,0
/Backup/sperez/vise/data/images/corpus-26000/20429.jpg,0
/Backup/sperez/vise/data/images/corpus-26000/4369.jpg,0
/Backup/sperez/vise/data/images/corpus-26000/6002.jpg,0
/Backup/sperez/vise/data/images/corpus-26000/19356.jpg,0
/Backup/sperez/vise/data/images/corpus-26000/19083.jpg,0
/Backup/sperez/vise/data/images/corpus-26000/16970.jpg,0
/Backup/sperez/vise/data/images/corpus-26000/10739.jpg,0
/Backup/sperez/vise/data/images/corpus-26000/25408.jpg,0
/Backup/sperez/vise/data/images/corpus-26000/13271.jpg,0
/Backup/sperez/vise/data/images/corpus-26000/5410.jpg,0
/Backup/sperez/vise/data/images/corpus-26000/21926.jpg,0
/Backup/sperez/vise/data/images/corpus-26000/24024.jpg,0
/Backup/sperez/vise/data/images/corpus-26000/12929.jpg,0
/Backup/sperez/vise/data/images/corpus-26000/21908.jpg,0
/Backup/sperez/vise/data/images/corpus-26000/0819.jpg,0
/Backup/sperez/vise/data/images/corpus-26000/9286.jpg,0
/Backup/sperez/vise/data/images/corpus-26000/12749.jpg,0
/Backup/sperez/vise/data/images/corpus-26000/4268.jpg,0
/Backup/sperez/vise/data/images/corpus-26000/13839.jpg,0
/Backup/sperez/vise/data/images/corpus-26000/1593.jpg,0
/Backup/sperez/vise/data/images/corpus-26000/3307.jpg,0
/Backup/sperez/vise/data/images/corpus-26000/3024.jpg,0
/Backup/sperez/vise/data/images/corpus-26000/16826.jpg,0
/Backup/sperez/vise/data/images/corpus-26000/20892.jpg,0
/Backup/sperez/vise/data/images/corpus-26000/19432.jpg,0
/Backup/sperez/vise/data/images/corpus-26000/7844.jpg,0
/Backup/sperez/vise/data/images/corpus-26000/6019.jpg,0
/Backup/sperez/vise/data/images/corpus-26000/10519.jpg,0
/Backup/sperez/vise/data/images/corpus-26000/5656.jpg,0
/Backup/sperez/vise/data/images/corpus-26000/11319.jpg,0
/Backup/sperez/vise/data/images/corpus-26000/3106.jpg,0
/Backup/sperez/vise/data/images/corpus-26000/15390.jpg,0
/Backup/sperez/vise/data/images/corpus-26000/16371.jpg,0
/Backup/sperez/vise/data/images/corpus-26000/23818.jpg,0
/Backup/sperez/vise/data/images/corpus-26000/19024.jpg,0
/Backup/sperez/vise/data/images/corpus-26000/7468.jpg,0
/Backup/sperez/vise/data/images/corpus-26000/7045.jpg,0
/Backup/sperez/vise/data/images/corpus-26000/2886.jpg,0
/Backup/sperez/vise/data/images/corpus-26000/21735.jpg,0
/Backup/sperez/vise/data/images/corpus-26000/17743.jpg,0
/Backup/sperez/vise/data/images/corpus-26000/15724.jpg,0
/Backup/sperez/vise/data/images/corpus-26000/7718.jpg,0
/Backup/sperez/vise/data/images/corpus-26000/4073.jpg,0
/Backup/sperez/vise/data/images/corpus-26000/17665.jpg,0
/Backup/sperez/vise/data/images/corpus-26000/21555.jpg,0
/Backup/sperez/vise/data/images/corpus-26000/24273.jpg,0
/Backup/sperez/vise/data/images/corpus-26000/0159.jpg,0
/Backup/sperez/vise/data/images/corpus-26000/26015.jpg,0
/Backup/sperez/vise/data/images/corpus-26000/16612.jpg,0
/Backup/sperez/vise/data/images/corpus-26000/18568.jpg,0
/Backup/sperez/vise/data/images/corpus-26000/4863.jpg,0
/Backup/sperez/vise/data/images/corpus-26000/19712.jpg,0
/Backup/sperez/vise/data/images/corpus-26000/10747.jpg,0
/Backup/sperez/vise/data/images/corpus-26000/25502.jpg,0
/Backup/sperez/vise/data/images/corpus-26000/4408.jpg,0
/Backup/sperez/vise/data/images/corpus-26000/12616.jpg,0
/Backup/sperez/vise/data/images/corpus-26000/23941.jpg,0
/Backup/sperez/vise/data/images/corpus-26000/6523.jpg,0
/Backup/sperez/vise/data/images/corpus-26000/10090.jpg,0
/Backup/sperez/vise/data/images/corpus-26000/9650.jpg,0
/Backup/sperez/vise/data/images/corpus-26000/9580.jpg,0
/Backup/sperez/vise/data/images/corpus-26000/13941.jpg,0
/Backup/sperez/vise/data/images/corpus-26000/9048.jpg,0
/Backup/sperez/vise/data/images/corpus-26000/1840.jpg,0
/Backup/sperez/vise/data/images/corpus-26000/7830.jpg,0
/Backup/sperez/vise/data/images/corpus-26000/14399.jpg,0
/Backup/sperez/vise/data/images/corpus-26000/0344.jpg,0
/Backup/sperez/vise/data/images/corpus-26000/19536.jpg,0
/Backup/sperez/vise/data/images/corpus-26000/14548.jpg,0
/Backup/sperez/vise/data/images/corpus-26000/3495.jpg,0
/Backup/sperez/vise/data/images/corpus-26000/9715.jpg,0
/Backup/sperez/vise/data/images/corpus-26000/15122.jpg,0
/Backup/sperez/vise/data/images/corpus-26000/13806.jpg,0
/Backup/sperez/vise/data/images/corpus-26000/22951.jpg,0
/Backup/sperez/vise/data/images/corpus-26000/10685.jpg,0
/Backup/sperez/vise/data/images/corpus-26000/15881.jpg,0
/Backup/sperez/vise/data/images/corpus-26000/20313.jpg,0
/Backup/sperez/vise/data/images/corpus-26000/15741.jpg,0
/Backup/sperez/vise/data/images/corpus-26000/18685.jpg,0
/Backup/sperez/vise/data/images/corpus-26000/11369.jpg,0
/Backup/sperez/vise/data/images/corpus-26000/19180.jpg,0
/Backup/sperez/vise/data/images/corpus-26000/23305.jpg,0
/Backup/sperez/vise/data/images/corpus-26000/13876.jpg,0
/Backup/sperez/vise/data/images/corpus-26000/21360.jpg,0
/Backup/sperez/vise/data/images/corpus-26000/8361.jpg,0
/Backup/sperez/vise/data/images/corpus-26000/11029.jpg,0
/Backup/sperez/vise/data/images/corpus-26000/7997.jpg,0
/Backup/sperez/vise/data/images/corpus-26000/14660.jpg,0
/Backup/sperez/vise/data/images/corpus-26000/24078.jpg,0
/Backup/sperez/vise/data/images/corpus-26000/19484.jpg,0
/Backup/sperez/vise/data/images/corpus-26000/21749.jpg,0
/Backup/sperez/vise/data/images/corpus-26000/24596.jpg,0
/Backup/sperez/vise/data/images/corpus-26000/15956.jpg,0
/Backup/sperez/vise/data/images/corpus-26000/2087.jpg,0
/Backup/sperez/vise/data/images/corpus-26000/8492.jpg,0
/Backup/sperez/vise/data/images/corpus-26000/18635.jpg,0
/Backup/sperez/vise/data/images/corpus-26000/21185.jpg,0
/Backup/sperez/vise/data/images/corpus-26000/12872.jpg,0
/Backup/sperez/vise/data/images/corpus-26000/20179.jpg,0
/Backup/sperez/vise/data/images/corpus-26000/11507.jpg,0
/Backup/sperez/vise/data/images/corpus-26000/11669.jpg,0
/Backup/sperez/vise/data/images/corpus-26000/21982.jpg,0
/Backup/sperez/vise/data/images/corpus-26000/9092.jpg,0
/Backup/sperez/vise/data/images/corpus-26000/6309.jpg,0
/Backup/sperez/vise/data/images/corpus-26000/8751.jpg,0
/Backup/sperez/vise/data/images/corpus-26000/13739.jpg,0
/Backup/sperez/vise/data/images/corpus-26000/13553.jpg,0
/Backup/sperez/vise/data/images/corpus-26000/4173.jpg,0
/Backup/sperez/vise/data/images/corpus-26000/22836.jpg,0
/Backup/sperez/vise/data/images/corpus-26000/6706.jpg,0
/Backup/sperez/vise/data/images/corpus-26000/7673.jpg,0
/Backup/sperez/vise/data/images/corpus-26000/12617.jpg,0
/Backup/sperez/vise/data/images/corpus-26000/14086.jpg,0
/Backup/sperez/vise/data/images/corpus-26000/15473.jpg,0
/Backup/sperez/vise/data/images/corpus-26000/6602.jpg,0
/Backup/sperez/vise/data/images/corpus-26000/11462.jpg,0
/Backup/sperez/vise/data/images/corpus-26000/16427.jpg,0
/Backup/sperez/vise/data/images/corpus-26000/1274.jpg,0
/Backup/sperez/vise/data/images/corpus-26000/25125.jpg,0
/Backup/sperez/vise/data/images/corpus-26000/20950.jpg,0
/Backup/sperez/vise/data/images/corpus-26000/23294.jpg,0
/Backup/sperez/vise/data/images/corpus-26000/3428.jpg,0
/Backup/sperez/vise/data/images/corpus-26000/10120.jpg,0
/Backup/sperez/vise/data/images/corpus-26000/14995.jpg,0
/Backup/sperez/vise/data/images/corpus-26000/9280.jpg,0
/Backup/sperez/vise/data/images/corpus-26000/16158.jpg,0
/Backup/sperez/vise/data/images/corpus-26000/24887.jpg,0
/Backup/sperez/vise/data/images/corpus-26000/8783.jpg,0
/Backup/sperez/vise/data/images/corpus-26000/13411.jpg,0
/Backup/sperez/vise/data/images/corpus-26000/7102.jpg,0
/Backup/sperez/vise/data/images/corpus-26000/0976.jpg,0
/Backup/sperez/vise/data/images/corpus-26000/20197.jpg,0
/Backup/sperez/vise/data/images/corpus-26000/21902.jpg,0
/Backup/sperez/vise/data/images/corpus-26000/11385.jpg,0
/Backup/sperez/vise/data/images/corpus-26000/22748.jpg,0
/Backup/sperez/vise/data/images/corpus-26000/18514.jpg,0
/Backup/sperez/vise/data/images/corpus-26000/11535.jpg,0
/Backup/sperez/vise/data/images/corpus-26000/18560.jpg,0
/Backup/sperez/vise/data/images/corpus-26000/2053.jpg,0
/Backup/sperez/vise/data/images/corpus-26000/17817.jpg,0
/Backup/sperez/vise/data/images/corpus-26000/15265.jpg,0
/Backup/sperez/vise/data/images/corpus-26000/1296.jpg,0
/Backup/sperez/vise/data/images/corpus-26000/10380.jpg,0
/Backup/sperez/vise/data/images/corpus-26000/14733.jpg,0
/Backup/sperez/vise/data/images/corpus-26000/10097.jpg,0
/Backup/sperez/vise/data/images/corpus-26000/11763.jpg,0
/Backup/sperez/vise/data/images/corpus-26000/11674.jpg,0
/Backup/sperez/vise/data/images/corpus-26000/15052.jpg,0
/Backup/sperez/vise/data/images/corpus-26000/14543.jpg,0
/Backup/sperez/vise/data/images/corpus-26000/20002.jpg,0
/Backup/sperez/vise/data/images/corpus-26000/9895.jpg,0
/Backup/sperez/vise/data/images/corpus-26000/2494.jpg,0
/Backup/sperez/vise/data/images/corpus-26000/2280.jpg,0
/Backup/sperez/vise/data/images/corpus-26000/17616.jpg,0
/Backup/sperez/vise/data/images/corpus-26000/10186.jpg,0
/Backup/sperez/vise/data/images/corpus-26000/5887.jpg,0
/Backup/sperez/vise/data/images/corpus-26000/19344.jpg,0
/Backup/sperez/vise/data/images/corpus-26000/12140.jpg,0
/Backup/sperez/vise/data/images/corpus-26000/14120.jpg,0
/Backup/sperez/vise/data/images/corpus-26000/0987.jpg,0
/Backup/sperez/vise/data/images/corpus-26000/21602.jpg,0
/Backup/sperez/vise/data/images/corpus-26000/11360.jpg,0
/Backup/sperez/vise/data/images/corpus-26000/24252.jpg,0
/Backup/sperez/vise/data/images/corpus-26000/0155.jpg,0
/Backup/sperez/vise/data/images/corpus-26000/19531.jpg,0
/Backup/sperez/vise/data/images/corpus-26000/16702.jpg,0
/Backup/sperez/vise/data/images/corpus-26000/25892.jpg,0
/Backup/sperez/vise/data/images/corpus-26000/22638.jpg,0
/Backup/sperez/vise/data/images/corpus-26000/7663.jpg,0
/Backup/sperez/vise/data/images/corpus-26000/12210.jpg,0
/Backup/sperez/vise/data/images/corpus-26000/2140.jpg,0
/Backup/sperez/vise/data/images/corpus-26000/10900.jpg,0
/Backup/sperez/vise/data/images/corpus-26000/21549.jpg,0
/Backup/sperez/vise/data/images/corpus-26000/20455.jpg,0
/Backup/sperez/vise/data/images/corpus-26000/16934.jpg,0
/Backup/sperez/vise/data/images/corpus-26000/1209.jpg,0
/Backup/sperez/vise/data/images/corpus-26000/6120.jpg,0
/Backup/sperez/vise/data/images/corpus-26000/1672.jpg,0
/Backup/sperez/vise/data/images/corpus-26000/13537.jpg,0
/Backup/sperez/vise/data/images/corpus-26000/11381.jpg,0
/Backup/sperez/vise/data/images/corpus-26000/16716.jpg,0
/Backup/sperez/vise/data/images/corpus-26000/23208.jpg,0
/Backup/sperez/vise/data/images/corpus-26000/22097.jpg,0
/Backup/sperez/vise/data/images/corpus-26000/4794.jpg,0
/Backup/sperez/vise/data/images/corpus-26000/17223.jpg,0
/Backup/sperez/vise/data/images/corpus-26000/8997.jpg,0
/Backup/sperez/vise/data/images/corpus-26000/14231.jpg,0
/Backup/sperez/vise/data/images/corpus-26000/21234.jpg,0
/Backup/sperez/vise/data/images/corpus-26000/8659.jpg,0
/Backup/sperez/vise/data/images/corpus-26000/15325.jpg,0
/Backup/sperez/vise/data/images/corpus-26000/22041.jpg,0
/Backup/sperez/vise/data/images/corpus-26000/1083.jpg,0
/Backup/sperez/vise/data/images/corpus-26000/10800.jpg,0
/Backup/sperez/vise/data/images/corpus-26000/20418.jpg,0
/Backup/sperez/vise/data/images/corpus-26000/5073.jpg,0
/Backup/sperez/vise/data/images/corpus-26000/8839.jpg,0
/Backup/sperez/vise/data/images/corpus-26000/8727.jpg,0
/Backup/sperez/vise/data/images/corpus-26000/20311.jpg,0
/Backup/sperez/vise/data/images/corpus-26000/3034.jpg,0
/Backup/sperez/vise/data/images/corpus-26000/6225.jpg,0
/Backup/sperez/vise/data/images/corpus-26000/15354.jpg,0
/Backup/sperez/vise/data/images/corpus-26000/0250.jpg,0
/Backup/sperez/vise/data/images/corpus-26000/7775.jpg,0
/Backup/sperez/vise/data/images/corpus-26000/17054.jpg,0
/Backup/sperez/vise/data/images/corpus-26000/10606.jpg,0
/Backup/sperez/vise/data/images/corpus-26000/18790.jpg,0
/Backup/sperez/vise/data/images/corpus-26000/24117.jpg,0
/Backup/sperez/vise/data/images/corpus-26000/14457.jpg,0
/Backup/sperez/vise/data/images/corpus-26000/5793.jpg,0
/Backup/sperez/vise/data/images/corpus-26000/13923.jpg,0
/Backup/sperez/vise/data/images/corpus-26000/17461.jpg,0
/Backup/sperez/vise/data/images/corpus-26000/4870.jpg,0
/Backup/sperez/vise/data/images/corpus-26000/25245.jpg,0
/Backup/sperez/vise/data/images/corpus-26000/22689.jpg,0
/Backup/sperez/vise/data/images/corpus-26000/19365.jpg,0
/Backup/sperez/vise/data/images/corpus-26000/15417.jpg,0
/Backup/sperez/vise/data/images/corpus-26000/21268.jpg,0
/Backup/sperez/vise/data/images/corpus-26000/20564.jpg,0
/Backup/sperez/vise/data/images/corpus-26000/1715.jpg,0
/Backup/sperez/vise/data/images/corpus-26000/6525.jpg,0
/Backup/sperez/vise/data/images/corpus-26000/8402.jpg,0
