/Backup/sperez/vise/data/images/corpus-26000/19263.jpg,0
/Backup/sperez/vise/data/images/corpus-26000/25693.jpg,0
/Backup/sperez/vise/data/images/corpus-26000/12489.jpg,0
/Backup/sperez/vise/data/images/corpus-26000/7567.jpg,0
/Backup/sperez/vise/data/images/corpus-26000/18767.jpg,0
/Backup/sperez/vise/data/images/corpus-26000/10098.jpg,0
/Backup/sperez/vise/data/images/corpus-26000/13131.jpg,0
/Backup/sperez/vise/data/images/corpus-26000/23945.jpg,0
/Backup/sperez/vise/data/images/corpus-26000/23118.jpg,0
/Backup/sperez/vise/data/images/corpus-26000/18123.jpg,0
/Backup/sperez/vise/data/images/corpus-26000/19427.jpg,0
/Backup/sperez/vise/data/images/corpus-26000/20867.jpg,0
/Backup/sperez/vise/data/images/corpus-26000/18398.jpg,0
/Backup/sperez/vise/data/images/corpus-26000/11416.jpg,0
/Backup/sperez/vise/data/images/corpus-26000/21762.jpg,0
/Backup/sperez/vise/data/images/corpus-26000/21798.jpg,0
/Backup/sperez/vise/data/images/corpus-26000/6392.jpg,0
/Backup/sperez/vise/data/images/corpus-26000/7253.jpg,0
/Backup/sperez/vise/data/images/corpus-26000/10818.jpg,0
/Backup/sperez/vise/data/images/corpus-26000/12790.jpg,0
/Backup/sperez/vise/data/images/corpus-26000/19495.jpg,0
/Backup/sperez/vise/data/images/corpus-26000/8297.jpg,0
/Backup/sperez/vise/data/images/corpus-26000/3116.jpg,0
/Backup/sperez/vise/data/images/corpus-26000/20988.jpg,0
/Backup/sperez/vise/data/images/corpus-26000/23734.jpg,0
/Backup/sperez/vise/data/images/corpus-26000/1978.jpg,0
/Backup/sperez/vise/data/images/corpus-26000/0909.jpg,0
/Backup/sperez/vise/data/images/corpus-26000/10047.jpg,0
/Backup/sperez/vise/data/images/corpus-26000/22694.jpg,0
/Backup/sperez/vise/data/images/corpus-26000/10178.jpg,0
/Backup/sperez/vise/data/images/corpus-26000/24870.jpg,0
/Backup/sperez/vise/data/images/corpus-26000/23238.jpg,0
/Backup/sperez/vise/data/images/corpus-26000/14562.jpg,0
/Backup/sperez/vise/data/images/corpus-26000/19582.jpg,0
/Backup/sperez/vise/data/images/corpus-26000/21642.jpg,0
/Backup/sperez/vise/data/images/corpus-26000/4646.jpg,0
/Backup/sperez/vise/data/images/corpus-26000/1962.jpg,0
/Backup/sperez/vise/data/images/corpus-26000/19995.jpg,0
/Backup/sperez/vise/data/images/corpus-26000/12682.jpg,0
/Backup/sperez/vise/data/images/corpus-26000/12062.jpg,0
/Backup/sperez/vise/data/images/corpus-26000/16950.jpg,0
/Backup/sperez/vise/data/images/corpus-26000/24434.jpg,0
/Backup/sperez/vise/data/images/corpus-26000/5109.jpg,0
/Backup/sperez/vise/data/images/corpus-26000/8159.jpg,0
/Backup/sperez/vise/data/images/corpus-26000/21702.jpg,0
/Backup/sperez/vise/data/images/corpus-26000/0093.jpg,0
/Backup/sperez/vise/data/images/corpus-26000/20074.jpg,0
/Backup/sperez/vise/data/images/corpus-26000/13770.jpg,0
/Backup/sperez/vise/data/images/corpus-26000/22063.jpg,0
/Backup/sperez/vise/data/images/corpus-26000/15294.jpg,0
/Backup/sperez/vise/data/images/corpus-26000/7568.jpg,0
/Backup/sperez/vise/data/images/corpus-26000/21477.jpg,0
/Backup/sperez/vise/data/images/corpus-26000/8566.jpg,0
/Backup/sperez/vise/data/images/corpus-26000/21092.jpg,0
/Backup/sperez/vise/data/images/corpus-26000/10721.jpg,0
/Backup/sperez/vise/data/images/corpus-26000/19004.jpg,0
/Backup/sperez/vise/data/images/corpus-26000/20525.jpg,0
/Backup/sperez/vise/data/images/corpus-26000/8472.jpg,0
/Backup/sperez/vise/data/images/corpus-26000/7595.jpg,0
/Backup/sperez/vise/data/images/corpus-26000/15620.jpg,0
/Backup/sperez/vise/data/images/corpus-26000/14986.jpg,0
/Backup/sperez/vise/data/images/corpus-26000/15140.jpg,0
/Backup/sperez/vise/data/images/corpus-26000/18956.jpg,0
/Backup/sperez/vise/data/images/corpus-26000/13594.jpg,0
/Backup/sperez/vise/data/images/corpus-26000/6469.jpg,0
/Backup/sperez/vise/data/images/corpus-26000/23470.jpg,0
/Backup/sperez/vise/data/images/corpus-26000/21133.jpg,0
/Backup/sperez/vise/data/images/corpus-26000/13520.jpg,0
/Backup/sperez/vise/data/images/corpus-26000/19346.jpg,0
/Backup/sperez/vise/data/images/corpus-26000/5281.jpg,0
/Backup/sperez/vise/data/images/corpus-26000/16521.jpg,0
/Backup/sperez/vise/data/images/corpus-26000/14449.jpg,0
/Backup/sperez/vise/data/images/corpus-26000/6006.jpg,0
/Backup/sperez/vise/data/images/corpus-26000/14968.jpg,0
/Backup/sperez/vise/data/images/corpus-26000/15169.jpg,0
/Backup/sperez/vise/data/images/corpus-26000/1413.jpg,0
/Backup/sperez/vise/data/images/corpus-26000/22286.jpg,0
/Backup/sperez/vise/data/images/corpus-26000/9621.jpg,0
/Backup/sperez/vise/data/images/corpus-26000/13987.jpg,0
/Backup/sperez/vise/data/images/corpus-26000/19434.jpg,0
/Backup/sperez/vise/data/images/corpus-26000/14247.jpg,0
/Backup/sperez/vise/data/images/corpus-26000/15830.jpg,0
/Backup/sperez/vise/data/images/corpus-26000/17708.jpg,0
/Backup/sperez/vise/data/images/corpus-26000/20218.jpg,0
/Backup/sperez/vise/data/images/corpus-26000/19416.jpg,0
/Backup/sperez/vise/data/images/corpus-26000/23430.jpg,0
/Backup/sperez/vise/data/images/corpus-26000/3818.jpg,0
/Backup/sperez/vise/data/images/corpus-26000/5283.jpg,0
/Backup/sperez/vise/data/images/corpus-26000/24747.jpg,0
/Backup/sperez/vise/data/images/corpus-26000/19928.jpg,0
/Backup/sperez/vise/data/images/corpus-26000/21816.jpg,0
/Backup/sperez/vise/data/images/corpus-26000/25741.jpg,0
/Backup/sperez/vise/data/images/corpus-26000/5929.jpg,0
/Backup/sperez/vise/data/images/corpus-26000/4974.jpg,0
/Backup/sperez/vise/data/images/corpus-26000/11624.jpg,0
/Backup/sperez/vise/data/images/corpus-26000/7613.jpg,0
/Backup/sperez/vise/data/images/corpus-26000/4304.jpg,0
/Backup/sperez/vise/data/images/corpus-26000/2153.jpg,0
/Backup/sperez/vise/data/images/corpus-26000/16288.jpg,0
/Backup/sperez/vise/data/images/corpus-26000/6350.jpg,0
/Backup/sperez/vise/data/images/corpus-26000/19605.jpg,0
/Backup/sperez/vise/data/images/corpus-26000/15109.jpg,0
/Backup/sperez/vise/data/images/corpus-26000/14677.jpg,0
/Backup/sperez/vise/data/images/corpus-26000/24247.jpg,0
/Backup/sperez/vise/data/images/corpus-26000/11070.jpg,0
/Backup/sperez/vise/data/images/corpus-26000/20109.jpg,0
/Backup/sperez/vise/data/images/corpus-26000/12970.jpg,0
/Backup/sperez/vise/data/images/corpus-26000/7461.jpg,0
/Backup/sperez/vise/data/images/corpus-26000/24803.jpg,0
/Backup/sperez/vise/data/images/corpus-26000/20421.jpg,0
/Backup/sperez/vise/data/images/corpus-26000/23751.jpg,0
/Backup/sperez/vise/data/images/corpus-26000/3230.jpg,0
/Backup/sperez/vise/data/images/corpus-26000/2752.jpg,0
/Backup/sperez/vise/data/images/corpus-26000/13075.jpg,0
/Backup/sperez/vise/data/images/corpus-26000/4429.jpg,0
/Backup/sperez/vise/data/images/corpus-26000/3422.jpg,0
/Backup/sperez/vise/data/images/corpus-26000/13766.jpg,0
/Backup/sperez/vise/data/images/corpus-26000/10081.jpg,0
/Backup/sperez/vise/data/images/corpus-26000/21730.jpg,0
/Backup/sperez/vise/data/images/corpus-26000/18842.jpg,0
/Backup/sperez/vise/data/images/corpus-26000/11331.jpg,0
/Backup/sperez/vise/data/images/corpus-26000/4505.jpg,0
/Backup/sperez/vise/data/images/corpus-26000/20814.jpg,0
/Backup/sperez/vise/data/images/corpus-26000/14290.jpg,0
/Backup/sperez/vise/data/images/corpus-26000/9332.jpg,0
/Backup/sperez/vise/data/images/corpus-26000/9053.jpg,0
/Backup/sperez/vise/data/images/corpus-26000/9014.jpg,0
/Backup/sperez/vise/data/images/corpus-26000/15766.jpg,0
/Backup/sperez/vise/data/images/corpus-26000/3514.jpg,0
/Backup/sperez/vise/data/images/corpus-26000/9133.jpg,0
/Backup/sperez/vise/data/images/corpus-26000/11210.jpg,0
/Backup/sperez/vise/data/images/corpus-26000/23227.jpg,0
/Backup/sperez/vise/data/images/corpus-26000/1597.jpg,0
/Backup/sperez/vise/data/images/corpus-26000/1862.jpg,0
/Backup/sperez/vise/data/images/corpus-26000/12571.jpg,0
/Backup/sperez/vise/data/images/corpus-26000/20622.jpg,0
/Backup/sperez/vise/data/images/corpus-26000/23692.jpg,0
/Backup/sperez/vise/data/images/corpus-26000/25683.jpg,0
/Backup/sperez/vise/data/images/corpus-26000/22624.jpg,0
/Backup/sperez/vise/data/images/corpus-26000/25260.jpg,0
/Backup/sperez/vise/data/images/corpus-26000/15655.jpg,0
/Backup/sperez/vise/data/images/corpus-26000/9362.jpg,0
/Backup/sperez/vise/data/images/corpus-26000/14998.jpg,0
/Backup/sperez/vise/data/images/corpus-26000/18150.jpg,0
/Backup/sperez/vise/data/images/corpus-26000/17443.jpg,0
/Backup/sperez/vise/data/images/corpus-26000/21749.jpg,0
/Backup/sperez/vise/data/images/corpus-26000/23185.jpg,0
/Backup/sperez/vise/data/images/corpus-26000/11848.jpg,0
/Backup/sperez/vise/data/images/corpus-26000/1384.jpg,0
/Backup/sperez/vise/data/images/corpus-26000/19936.jpg,0
/Backup/sperez/vise/data/images/corpus-26000/15746.jpg,0
/Backup/sperez/vise/data/images/corpus-26000/20369.jpg,0
/Backup/sperez/vise/data/images/corpus-26000/13885.jpg,0
/Backup/sperez/vise/data/images/corpus-26000/6322.jpg,0
/Backup/sperez/vise/data/images/corpus-26000/22018.jpg,0
/Backup/sperez/vise/data/images/corpus-26000/25430.jpg,0
/Backup/sperez/vise/data/images/corpus-26000/15791.jpg,0
/Backup/sperez/vise/data/images/corpus-26000/4163.jpg,0
/Backup/sperez/vise/data/images/corpus-26000/10986.jpg,0
/Backup/sperez/vise/data/images/corpus-26000/14335.jpg,0
/Backup/sperez/vise/data/images/corpus-26000/20933.jpg,0
/Backup/sperez/vise/data/images/corpus-26000/14425.jpg,0
/Backup/sperez/vise/data/images/corpus-26000/20713.jpg,0
/Backup/sperez/vise/data/images/corpus-26000/4142.jpg,0
/Backup/sperez/vise/data/images/corpus-26000/23235.jpg,0
/Backup/sperez/vise/data/images/corpus-26000/2896.jpg,0
/Backup/sperez/vise/data/images/corpus-26000/20860.jpg,0
/Backup/sperez/vise/data/images/corpus-26000/4547.jpg,0
/Backup/sperez/vise/data/images/corpus-26000/6142.jpg,0
/Backup/sperez/vise/data/images/corpus-26000/5388.jpg,0
/Backup/sperez/vise/data/images/corpus-26000/23579.jpg,0
/Backup/sperez/vise/data/images/corpus-26000/24861.jpg,0
/Backup/sperez/vise/data/images/corpus-26000/1649.jpg,0
/Backup/sperez/vise/data/images/corpus-26000/15835.jpg,0
/Backup/sperez/vise/data/images/corpus-26000/25227.jpg,0
/Backup/sperez/vise/data/images/corpus-26000/3232.jpg,0
/Backup/sperez/vise/data/images/corpus-26000/25535.jpg,0
/Backup/sperez/vise/data/images/corpus-26000/19775.jpg,0
/Backup/sperez/vise/data/images/corpus-26000/10606.jpg,0
/Backup/sperez/vise/data/images/corpus-26000/23333.jpg,0
/Backup/sperez/vise/data/images/corpus-26000/14221.jpg,0
/Backup/sperez/vise/data/images/corpus-26000/10246.jpg,0
/Backup/sperez/vise/data/images/corpus-26000/14149.jpg,0
/Backup/sperez/vise/data/images/corpus-26000/11254.jpg,0
/Backup/sperez/vise/data/images/corpus-26000/20326.jpg,0
/Backup/sperez/vise/data/images/corpus-26000/1332.jpg,0
/Backup/sperez/vise/data/images/corpus-26000/19392.jpg,0
/Backup/sperez/vise/data/images/corpus-26000/11154.jpg,0
/Backup/sperez/vise/data/images/corpus-26000/13780.jpg,0
/Backup/sperez/vise/data/images/corpus-26000/23485.jpg,0
/Backup/sperez/vise/data/images/corpus-26000/4828.jpg,0
/Backup/sperez/vise/data/images/corpus-26000/13802.jpg,0
/Backup/sperez/vise/data/images/corpus-26000/20164.jpg,0
/Backup/sperez/vise/data/images/corpus-26000/8050.jpg,0
/Backup/sperez/vise/data/images/corpus-26000/17944.jpg,0
/Backup/sperez/vise/data/images/corpus-26000/11930.jpg,0
/Backup/sperez/vise/data/images/corpus-26000/14586.jpg,0
/Backup/sperez/vise/data/images/corpus-26000/13220.jpg,0
/Backup/sperez/vise/data/images/corpus-26000/23190.jpg,0
/Backup/sperez/vise/data/images/corpus-26000/13759.jpg,0
/Backup/sperez/vise/data/images/corpus-26000/7200.jpg,0
/Backup/sperez/vise/data/images/corpus-26000/17978.jpg,0
/Backup/sperez/vise/data/images/corpus-26000/0586.jpg,0
/Backup/sperez/vise/data/images/corpus-26000/22197.jpg,0
/Backup/sperez/vise/data/images/corpus-26000/21835.jpg,0
/Backup/sperez/vise/data/images/corpus-26000/16333.jpg,0
/Backup/sperez/vise/data/images/corpus-26000/21896.jpg,0
/Backup/sperez/vise/data/images/corpus-26000/7723.jpg,0
/Backup/sperez/vise/data/images/corpus-26000/12168.jpg,0
/Backup/sperez/vise/data/images/corpus-26000/6375.jpg,0
/Backup/sperez/vise/data/images/corpus-26000/3400.jpg,0
/Backup/sperez/vise/data/images/corpus-26000/8351.jpg,0
/Backup/sperez/vise/data/images/corpus-26000/15241.jpg,0
/Backup/sperez/vise/data/images/corpus-26000/19757.jpg,0
/Backup/sperez/vise/data/images/corpus-26000/7944.jpg,0
/Backup/sperez/vise/data/images/corpus-26000/7275.jpg,0
/Backup/sperez/vise/data/images/corpus-26000/16133.jpg,0
/Backup/sperez/vise/data/images/corpus-26000/8946.jpg,0
/Backup/sperez/vise/data/images/corpus-26000/13196.jpg,0
/Backup/sperez/vise/data/images/corpus-26000/15518.jpg,0
/Backup/sperez/vise/data/images/corpus-26000/20979.jpg,0
/Backup/sperez/vise/data/images/corpus-26000/5722.jpg,0
/Backup/sperez/vise/data/images/corpus-26000/1922.jpg,0
/Backup/sperez/vise/data/images/corpus-26000/4268.jpg,0
/Backup/sperez/vise/data/images/corpus-26000/9684.jpg,0
/Backup/sperez/vise/data/images/corpus-26000/13361.jpg,0
/Backup/sperez/vise/data/images/corpus-26000/25812.jpg,0
/Backup/sperez/vise/data/images/corpus-26000/3425.jpg,0
/Backup/sperez/vise/data/images/corpus-26000/24978.jpg,0
/Backup/sperez/vise/data/images/corpus-26000/5961.jpg,0
/Backup/sperez/vise/data/images/corpus-26000/25645.jpg,0
/Backup/sperez/vise/data/images/corpus-26000/12553.jpg,0
/Backup/sperez/vise/data/images/corpus-26000/0404.jpg,0
/Backup/sperez/vise/data/images/corpus-26000/21587.jpg,0
/Backup/sperez/vise/data/images/corpus-26000/24227.jpg,0
/Backup/sperez/vise/data/images/corpus-26000/14717.jpg,0
/Backup/sperez/vise/data/images/corpus-26000/11554.jpg,0
/Backup/sperez/vise/data/images/corpus-26000/11833.jpg,0
/Backup/sperez/vise/data/images/corpus-26000/17670.jpg,0
/Backup/sperez/vise/data/images/corpus-26000/4406.jpg,0
/Backup/sperez/vise/data/images/corpus-26000/14070.jpg,0
/Backup/sperez/vise/data/images/corpus-26000/22660.jpg,0
/Backup/sperez/vise/data/images/corpus-26000/3140.jpg,0
/Backup/sperez/vise/data/images/corpus-26000/22207.jpg,0
/Backup/sperez/vise/data/images/corpus-26000/18928.jpg,0
/Backup/sperez/vise/data/images/corpus-26000/24763.jpg,0
/Backup/sperez/vise/data/images/corpus-26000/5955.jpg,0
/Backup/sperez/vise/data/images/corpus-26000/11288.jpg,0
/Backup/sperez/vise/data/images/corpus-26000/13104.jpg,0
/Backup/sperez/vise/data/images/corpus-26000/17449.jpg,0
/Backup/sperez/vise/data/images/corpus-26000/13790.jpg,0
/Backup/sperez/vise/data/images/corpus-26000/4820.jpg,0
/Backup/sperez/vise/data/images/corpus-26000/11125.jpg,0
/Backup/sperez/vise/data/images/corpus-26000/15151.jpg,0
/Backup/sperez/vise/data/images/corpus-26000/11779.jpg,0
/Backup/sperez/vise/data/images/corpus-26000/3427.jpg,0
/Backup/sperez/vise/data/images/corpus-26000/8651.jpg,0
/Backup/sperez/vise/data/images/corpus-26000/5053.jpg,0
/Backup/sperez/vise/data/images/corpus-26000/0322.jpg,0
/Backup/sperez/vise/data/images/corpus-26000/20334.jpg,0
/Backup/sperez/vise/data/images/corpus-26000/13271.jpg,0
/Backup/sperez/vise/data/images/corpus-26000/25351.jpg,0
/Backup/sperez/vise/data/images/corpus-26000/8939.jpg,0
/Backup/sperez/vise/data/images/corpus-26000/16633.jpg,0
/Backup/sperez/vise/data/images/corpus-26000/16566.jpg,0
/Backup/sperez/vise/data/images/corpus-26000/15186.jpg,0
/Backup/sperez/vise/data/images/corpus-26000/22708.jpg,0
/Backup/sperez/vise/data/images/corpus-26000/15851.jpg,0
/Backup/sperez/vise/data/images/corpus-26000/9007.jpg,0
/Backup/sperez/vise/data/images/corpus-26000/16690.jpg,0
/Backup/sperez/vise/data/images/corpus-26000/7925.jpg,0
/Backup/sperez/vise/data/images/corpus-26000/20047.jpg,0
/Backup/sperez/vise/data/images/corpus-26000/2636.jpg,0
/Backup/sperez/vise/data/images/corpus-26000/6300.jpg,0
/Backup/sperez/vise/data/images/corpus-26000/6028.jpg,0
/Backup/sperez/vise/data/images/corpus-26000/6924.jpg,0
/Backup/sperez/vise/data/images/corpus-26000/21469.jpg,0
/Backup/sperez/vise/data/images/corpus-26000/18407.jpg,0
/Backup/sperez/vise/data/images/corpus-26000/10289.jpg,0
/Backup/sperez/vise/data/images/corpus-26000/9046.jpg,0
/Backup/sperez/vise/data/images/corpus-26000/20497.jpg,0
/Backup/sperez/vise/data/images/corpus-26000/25152.jpg,0
/Backup/sperez/vise/data/images/corpus-26000/23419.jpg,0
/Backup/sperez/vise/data/images/corpus-26000/1505.jpg,0
/Backup/sperez/vise/data/images/corpus-26000/9728.jpg,0
/Backup/sperez/vise/data/images/corpus-26000/7752.jpg,0
/Backup/sperez/vise/data/images/corpus-26000/24143.jpg,0
/Backup/sperez/vise/data/images/corpus-26000/18886.jpg,0
/Backup/sperez/vise/data/images/corpus-26000/3110.jpg,0
/Backup/sperez/vise/data/images/corpus-26000/14606.jpg,0
/Backup/sperez/vise/data/images/corpus-26000/7055.jpg,0
/Backup/sperez/vise/data/images/corpus-26000/25049.jpg,0
/Backup/sperez/vise/data/images/corpus-26000/24155.jpg,0
/Backup/sperez/vise/data/images/corpus-26000/15931.jpg,0
/Backup/sperez/vise/data/images/corpus-26000/5948.jpg,0
/Backup/sperez/vise/data/images/corpus-26000/9276.jpg,0
/Backup/sperez/vise/data/images/corpus-26000/0040.jpg,0
/Backup/sperez/vise/data/images/corpus-26000/3936.jpg,0
/Backup/sperez/vise/data/images/corpus-26000/2874.jpg,0
/Backup/sperez/vise/data/images/corpus-26000/25867.jpg,0
/Backup/sperez/vise/data/images/corpus-26000/20090.jpg,0
/Backup/sperez/vise/data/images/corpus-26000/15738.jpg,0
/Backup/sperez/vise/data/images/corpus-26000/22341.jpg,0
/Backup/sperez/vise/data/images/corpus-26000/4907.jpg,0
/Backup/sperez/vise/data/images/corpus-26000/23921.jpg,0
/Backup/sperez/vise/data/images/corpus-26000/10981.jpg,0
/Backup/sperez/vise/data/images/corpus-26000/11175.jpg,0
/Backup/sperez/vise/data/images/corpus-26000/15320.jpg,0
/Backup/sperez/vise/data/images/corpus-26000/8994.jpg,0
/Backup/sperez/vise/data/images/corpus-26000/3393.jpg,0
/Backup/sperez/vise/data/images/corpus-26000/15858.jpg,0
/Backup/sperez/vise/data/images/corpus-26000/20530.jpg,0
/Backup/sperez/vise/data/images/corpus-26000/6274.jpg,0
/Backup/sperez/vise/data/images/corpus-26000/18871.jpg,0
/Backup/sperez/vise/data/images/corpus-26000/16015.jpg,0
/Backup/sperez/vise/data/images/corpus-26000/17203.jpg,0
/Backup/sperez/vise/data/images/corpus-26000/8824.jpg,0
/Backup/sperez/vise/data/images/corpus-26000/24855.jpg,0
/Backup/sperez/vise/data/images/corpus-26000/1432.jpg,0
/Backup/sperez/vise/data/images/corpus-26000/16671.jpg,0
/Backup/sperez/vise/data/images/corpus-26000/22656.jpg,0
/Backup/sperez/vise/data/images/corpus-26000/10375.jpg,0
/Backup/sperez/vise/data/images/corpus-26000/24050.jpg,0
/Backup/sperez/vise/data/images/corpus-26000/21348.jpg,0
/Backup/sperez/vise/data/images/corpus-26000/22768.jpg,0
/Backup/sperez/vise/data/images/corpus-26000/5663.jpg,0
/Backup/sperez/vise/data/images/corpus-26000/2035.jpg,0
/Backup/sperez/vise/data/images/corpus-26000/10171.jpg,0
/Backup/sperez/vise/data/images/corpus-26000/4632.jpg,0
/Backup/sperez/vise/data/images/corpus-26000/1502.jpg,0
/Backup/sperez/vise/data/images/corpus-26000/7916.jpg,0
/Backup/sperez/vise/data/images/corpus-26000/5763.jpg,0
/Backup/sperez/vise/data/images/corpus-26000/11091.jpg,0
/Backup/sperez/vise/data/images/corpus-26000/6239.jpg,0
/Backup/sperez/vise/data/images/corpus-26000/16716.jpg,0
/Backup/sperez/vise/data/images/corpus-26000/6825.jpg,0
/Backup/sperez/vise/data/images/corpus-26000/0242.jpg,0
/Backup/sperez/vise/data/images/corpus-26000/16656.jpg,0
/Backup/sperez/vise/data/images/corpus-26000/24301.jpg,0
/Backup/sperez/vise/data/images/corpus-26000/10024.jpg,0
/Backup/sperez/vise/data/images/corpus-26000/5150.jpg,0
/Backup/sperez/vise/data/images/corpus-26000/2064.jpg,0
/Backup/sperez/vise/data/images/corpus-26000/4453.jpg,0
/Backup/sperez/vise/data/images/corpus-26000/12019.jpg,0
/Backup/sperez/vise/data/images/corpus-26000/19952.jpg,0
/Backup/sperez/vise/data/images/corpus-26000/11410.jpg,0
/Backup/sperez/vise/data/images/corpus-26000/16147.jpg,0
/Backup/sperez/vise/data/images/corpus-26000/2024.jpg,0
/Backup/sperez/vise/data/images/corpus-26000/11620.jpg,0
/Backup/sperez/vise/data/images/corpus-26000/4831.jpg,0
/Backup/sperez/vise/data/images/corpus-26000/25342.jpg,0
/Backup/sperez/vise/data/images/corpus-26000/14115.jpg,0
/Backup/sperez/vise/data/images/corpus-26000/5156.jpg,0
/Backup/sperez/vise/data/images/corpus-26000/17373.jpg,0
/Backup/sperez/vise/data/images/corpus-26000/0182.jpg,0
/Backup/sperez/vise/data/images/corpus-26000/5888.jpg,0
/Backup/sperez/vise/data/images/corpus-26000/12152.jpg,0
/Backup/sperez/vise/data/images/corpus-26000/17563.jpg,1
/Backup/sperez/vise/data/images/corpus-26000/23012.jpg,1
/Backup/sperez/vise/data/images/corpus-26000/25871.jpg,1
/Backup/sperez/vise/data/images/corpus-26000/11670.jpg,1
/Backup/sperez/vise/data/images/corpus-26000/9747.jpg,1
/Backup/sperez/vise/data/images/corpus-26000/18417.jpg,1
/Backup/sperez/vise/data/images/corpus-26000/2362.jpg,1
/Backup/sperez/vise/data/images/corpus-26000/12902.jpg,1
/Backup/sperez/vise/data/images/corpus-26000/9787.jpg,1
/Backup/sperez/vise/data/images/corpus-26000/1198.jpg,1
/Backup/sperez/vise/data/images/corpus-26000/4309.jpg,1
/Backup/sperez/vise/data/images/corpus-26000/10078.jpg,1
/Backup/sperez/vise/data/images/corpus-26000/13029.jpg,1
/Backup/sperez/vise/data/images/corpus-26000/16939.jpg,1
/Backup/sperez/vise/data/images/corpus-26000/4052.jpg,1
/Backup/sperez/vise/data/images/corpus-26000/16475.jpg,1
/Backup/sperez/vise/data/images/corpus-26000/13265.jpg,1
/Backup/sperez/vise/data/images/corpus-26000/21577.jpg,1
/Backup/sperez/vise/data/images/corpus-26000/18893.jpg,1
/Backup/sperez/vise/data/images/corpus-26000/9772.jpg,1
/Backup/sperez/vise/data/images/corpus-26000/16275.jpg,1
/Backup/sperez/vise/data/images/corpus-26000/25149.jpg,1
/Backup/sperez/vise/data/images/corpus-26000/16157.jpg,1
/Backup/sperez/vise/data/images/corpus-26000/25331.jpg,1
/Backup/sperez/vise/data/images/corpus-26000/6480.jpg,1
/Backup/sperez/vise/data/images/corpus-26000/2055.jpg,1
/Backup/sperez/vise/data/images/corpus-26000/17892.jpg,1
/Backup/sperez/vise/data/images/corpus-26000/11993.jpg,1
/Backup/sperez/vise/data/images/corpus-26000/3130.jpg,1
/Backup/sperez/vise/data/images/corpus-26000/9607.jpg,1
/Backup/sperez/vise/data/images/corpus-26000/15056.jpg,1
/Backup/sperez/vise/data/images/corpus-26000/13332.jpg,1
/Backup/sperez/vise/data/images/corpus-26000/13110.jpg,1
/Backup/sperez/vise/data/images/corpus-26000/3382.jpg,1
/Backup/sperez/vise/data/images/corpus-26000/19632.jpg,1
/Backup/sperez/vise/data/images/corpus-26000/4605.jpg,1
/Backup/sperez/vise/data/images/corpus-26000/14629.jpg,1
/Backup/sperez/vise/data/images/corpus-26000/0626.jpg,1
/Backup/sperez/vise/data/images/corpus-26000/11177.jpg,1
/Backup/sperez/vise/data/images/corpus-26000/12881.jpg,1
/Backup/sperez/vise/data/images/corpus-26000/24850.jpg,1
/Backup/sperez/vise/data/images/corpus-26000/8372.jpg,1
/Backup/sperez/vise/data/images/corpus-26000/8037.jpg,1
/Backup/sperez/vise/data/images/corpus-26000/19067.jpg,1
/Backup/sperez/vise/data/images/corpus-26000/10469.jpg,1
/Backup/sperez/vise/data/images/corpus-26000/21350.jpg,1
/Backup/sperez/vise/data/images/corpus-26000/2967.jpg,1
/Backup/sperez/vise/data/images/corpus-26000/16514.jpg,1
/Backup/sperez/vise/data/images/corpus-26000/14806.jpg,1
/Backup/sperez/vise/data/images/corpus-26000/25725.jpg,1
/Backup/sperez/vise/data/images/corpus-26000/3016.jpg,1
/Backup/sperez/vise/data/images/corpus-26000/16659.jpg,1
/Backup/sperez/vise/data/images/corpus-26000/22779.jpg,1
/Backup/sperez/vise/data/images/corpus-26000/6617.jpg,1
/Backup/sperez/vise/data/images/corpus-26000/17285.jpg,1
/Backup/sperez/vise/data/images/corpus-26000/15839.jpg,1
/Backup/sperez/vise/data/images/corpus-26000/16905.jpg,1
/Backup/sperez/vise/data/images/corpus-26000/19222.jpg,1
/Backup/sperez/vise/data/images/corpus-26000/19932.jpg,1
/Backup/sperez/vise/data/images/corpus-26000/12757.jpg,1
/Backup/sperez/vise/data/images/corpus-26000/7728.jpg,1
/Backup/sperez/vise/data/images/corpus-26000/8612.jpg,1
/Backup/sperez/vise/data/images/corpus-26000/7047.jpg,1
/Backup/sperez/vise/data/images/corpus-26000/9361.jpg,1
/Backup/sperez/vise/data/images/corpus-26000/5013.jpg,1
/Backup/sperez/vise/data/images/corpus-26000/12583.jpg,1
/Backup/sperez/vise/data/images/corpus-26000/11058.jpg,1
/Backup/sperez/vise/data/images/corpus-26000/12785.jpg,1
/Backup/sperez/vise/data/images/corpus-26000/6516.jpg,1
/Backup/sperez/vise/data/images/corpus-26000/12989.jpg,1
/Backup/sperez/vise/data/images/corpus-26000/7818.jpg,1
/Backup/sperez/vise/data/images/corpus-26000/1834.jpg,1
/Backup/sperez/vise/data/images/corpus-26000/13380.jpg,1
/Backup/sperez/vise/data/images/corpus-26000/4741.jpg,1
/Backup/sperez/vise/data/images/corpus-26000/12690.jpg,1
/Backup/sperez/vise/data/images/corpus-26000/10749.jpg,1
/Backup/sperez/vise/data/images/corpus-26000/23361.jpg,1
/Backup/sperez/vise/data/images/corpus-26000/11765.jpg,1
/Backup/sperez/vise/data/images/corpus-26000/13401.jpg,1
/Backup/sperez/vise/data/images/corpus-26000/12662.jpg,1
/Backup/sperez/vise/data/images/corpus-26000/0001.jpg,1
/Backup/sperez/vise/data/images/corpus-26000/0721.jpg,1
/Backup/sperez/vise/data/images/corpus-26000/8995.jpg,1
/Backup/sperez/vise/data/images/corpus-26000/20293.jpg,1
/Backup/sperez/vise/data/images/corpus-26000/23110.jpg,1
/Backup/sperez/vise/data/images/corpus-26000/3941.jpg,1
/Backup/sperez/vise/data/images/corpus-26000/13611.jpg,1
/Backup/sperez/vise/data/images/corpus-26000/7570.jpg,1
/Backup/sperez/vise/data/images/corpus-26000/6025.jpg,1
/Backup/sperez/vise/data/images/corpus-26000/16560.jpg,1
/Backup/sperez/vise/data/images/corpus-26000/13740.jpg,1
/Backup/sperez/vise/data/images/corpus-26000/16746.jpg,1
/Backup/sperez/vise/data/images/corpus-26000/5717.jpg,1
/Backup/sperez/vise/data/images/corpus-26000/3111.jpg,1
/Backup/sperez/vise/data/images/corpus-26000/0560.jpg,1
/Backup/sperez/vise/data/images/corpus-26000/7982.jpg,1
/Backup/sperez/vise/data/images/corpus-26000/4166.jpg,1
/Backup/sperez/vise/data/images/corpus-26000/22045.jpg,1
/Backup/sperez/vise/data/images/corpus-26000/10769.jpg,1
/Backup/sperez/vise/data/images/corpus-26000/11376.jpg,1
/Backup/sperez/vise/data/images/corpus-26000/12707.jpg,1
/Backup/sperez/vise/data/images/corpus-26000/16122.jpg,1
/Backup/sperez/vise/data/images/corpus-26000/11246.jpg,1
/Backup/sperez/vise/data/images/corpus-26000/15995.jpg,1
/Backup/sperez/vise/data/images/corpus-26000/11343.jpg,1
/Backup/sperez/vise/data/images/corpus-26000/17078.jpg,1
/Backup/sperez/vise/data/images/corpus-26000/19703.jpg,1
/Backup/sperez/vise/data/images/corpus-26000/17758.jpg,1
/Backup/sperez/vise/data/images/corpus-26000/5585.jpg,1
/Backup/sperez/vise/data/images/corpus-26000/4826.jpg,1
/Backup/sperez/vise/data/images/corpus-26000/17793.jpg,1
/Backup/sperez/vise/data/images/corpus-26000/5239.jpg,1
/Backup/sperez/vise/data/images/corpus-26000/12196.jpg,1
/Backup/sperez/vise/data/images/corpus-26000/11585.jpg,1
/Backup/sperez/vise/data/images/corpus-26000/2406.jpg,1
/Backup/sperez/vise/data/images/corpus-26000/7953.jpg,1
/Backup/sperez/vise/data/images/corpus-26000/10003.jpg,1
/Backup/sperez/vise/data/images/corpus-26000/5258.jpg,1
/Backup/sperez/vise/data/images/corpus-26000/10865.jpg,1
/Backup/sperez/vise/data/images/corpus-26000/12534.jpg,1
/Backup/sperez/vise/data/images/corpus-26000/23298.jpg,1
/Backup/sperez/vise/data/images/corpus-26000/5524.jpg,1
/Backup/sperez/vise/data/images/corpus-26000/22854.jpg,1
/Backup/sperez/vise/data/images/corpus-26000/11493.jpg,1
/Backup/sperez/vise/data/images/corpus-26000/5170.jpg,1
/Backup/sperez/vise/data/images/corpus-26000/11631.jpg,1
/Backup/sperez/vise/data/images/corpus-26000/22928.jpg,1
/Backup/sperez/vise/data/images/corpus-26000/15663.jpg,1
/Backup/sperez/vise/data/images/corpus-26000/18662.jpg,1
/Backup/sperez/vise/data/images/corpus-26000/17244.jpg,1
/Backup/sperez/vise/data/images/corpus-26000/11101.jpg,1
/Backup/sperez/vise/data/images/corpus-26000/19833.jpg,1
/Backup/sperez/vise/data/images/corpus-26000/16872.jpg,1
/Backup/sperez/vise/data/images/corpus-26000/3064.jpg,1
/Backup/sperez/vise/data/images/corpus-26000/24692.jpg,1
/Backup/sperez/vise/data/images/corpus-26000/19487.jpg,1
/Backup/sperez/vise/data/images/corpus-26000/5602.jpg,1
/Backup/sperez/vise/data/images/corpus-26000/12954.jpg,1
/Backup/sperez/vise/data/images/corpus-26000/13416.jpg,1
/Backup/sperez/vise/data/images/corpus-26000/22629.jpg,1
/Backup/sperez/vise/data/images/corpus-26000/4261.jpg,1
/Backup/sperez/vise/data/images/corpus-26000/20092.jpg,1
/Backup/sperez/vise/data/images/corpus-26000/1575.jpg,1
/Backup/sperez/vise/data/images/corpus-26000/21834.jpg,1
/Backup/sperez/vise/data/images/corpus-26000/18321.jpg,1
/Backup/sperez/vise/data/images/corpus-26000/12805.jpg,1
/Backup/sperez/vise/data/images/corpus-26000/23930.jpg,1
/Backup/sperez/vise/data/images/corpus-26000/25556.jpg,1
/Backup/sperez/vise/data/images/corpus-26000/15759.jpg,1
/Backup/sperez/vise/data/images/corpus-26000/23322.jpg,1
/Backup/sperez/vise/data/images/corpus-26000/12277.jpg,1
/Backup/sperez/vise/data/images/corpus-26000/14090.jpg,1
/Backup/sperez/vise/data/images/corpus-26000/4721.jpg,1
/Backup/sperez/vise/data/images/corpus-26000/17552.jpg,1
/Backup/sperez/vise/data/images/corpus-26000/18495.jpg,1
/Backup/sperez/vise/data/images/corpus-26000/11883.jpg,1
/Backup/sperez/vise/data/images/corpus-26000/3851.jpg,1
/Backup/sperez/vise/data/images/corpus-26000/10647.jpg,1
/Backup/sperez/vise/data/images/corpus-26000/17643.jpg,1
/Backup/sperez/vise/data/images/corpus-26000/0163.jpg,1
/Backup/sperez/vise/data/images/corpus-26000/21011.jpg,1
/Backup/sperez/vise/data/images/corpus-26000/0516.jpg,1
/Backup/sperez/vise/data/images/corpus-26000/10363.jpg,1
/Backup/sperez/vise/data/images/corpus-26000/15624.jpg,1
/Backup/sperez/vise/data/images/corpus-26000/12730.jpg,1
/Backup/sperez/vise/data/images/corpus-26000/13043.jpg,1
/Backup/sperez/vise/data/images/corpus-26000/8754.jpg,1
/Backup/sperez/vise/data/images/corpus-26000/24377.jpg,1
/Backup/sperez/vise/data/images/corpus-26000/11445.jpg,1
/Backup/sperez/vise/data/images/corpus-26000/10530.jpg,1
/Backup/sperez/vise/data/images/corpus-26000/7139.jpg,1
/Backup/sperez/vise/data/images/corpus-26000/2021.jpg,1
/Backup/sperez/vise/data/images/corpus-26000/17360.jpg,1
/Backup/sperez/vise/data/images/corpus-26000/0227.jpg,1
/Backup/sperez/vise/data/images/corpus-26000/15912.jpg,1
/Backup/sperez/vise/data/images/corpus-26000/19769.jpg,1
/Backup/sperez/vise/data/images/corpus-26000/1986.jpg,1
/Backup/sperez/vise/data/images/corpus-26000/24121.jpg,1
/Backup/sperez/vise/data/images/corpus-26000/25508.jpg,1
/Backup/sperez/vise/data/images/corpus-26000/12170.jpg,1
/Backup/sperez/vise/data/images/corpus-26000/7598.jpg,1
/Backup/sperez/vise/data/images/corpus-26000/6564.jpg,1
/Backup/sperez/vise/data/images/corpus-26000/3281.jpg,1
/Backup/sperez/vise/data/images/corpus-26000/5334.jpg,1
/Backup/sperez/vise/data/images/corpus-26000/2004.jpg,1
/Backup/sperez/vise/data/images/corpus-26000/21544.jpg,1
/Backup/sperez/vise/data/images/corpus-26000/17512.jpg,1
/Backup/sperez/vise/data/images/corpus-26000/8996.jpg,1
/Backup/sperez/vise/data/images/corpus-26000/5981.jpg,1
/Backup/sperez/vise/data/images/corpus-26000/13653.jpg,1
/Backup/sperez/vise/data/images/corpus-26000/15796.jpg,1
/Backup/sperez/vise/data/images/corpus-26000/22026.jpg,1
/Backup/sperez/vise/data/images/corpus-26000/16685.jpg,1
/Backup/sperez/vise/data/images/corpus-26000/13189.jpg,1
/Backup/sperez/vise/data/images/corpus-26000/20490.jpg,1
/Backup/sperez/vise/data/images/corpus-26000/1661.jpg,1
/Backup/sperez/vise/data/images/corpus-26000/22727.jpg,1
/Backup/sperez/vise/data/images/corpus-26000/15219.jpg,1
/Backup/sperez/vise/data/images/corpus-26000/17269.jpg,1
/Backup/sperez/vise/data/images/corpus-26000/4384.jpg,1
/Backup/sperez/vise/data/images/corpus-26000/24172.jpg,1
/Backup/sperez/vise/data/images/corpus-26000/9585.jpg,1
/Backup/sperez/vise/data/images/corpus-26000/7781.jpg,1
/Backup/sperez/vise/data/images/corpus-26000/14384.jpg,1
/Backup/sperez/vise/data/images/corpus-26000/5949.jpg,1
/Backup/sperez/vise/data/images/corpus-26000/25301.jpg,1
/Backup/sperez/vise/data/images/corpus-26000/3619.jpg,1
/Backup/sperez/vise/data/images/corpus-26000/16641.jpg,1
/Backup/sperez/vise/data/images/corpus-26000/13369.jpg,1
/Backup/sperez/vise/data/images/corpus-26000/3038.jpg,1
/Backup/sperez/vise/data/images/corpus-26000/16042.jpg,1
/Backup/sperez/vise/data/images/corpus-26000/19618.jpg,1
/Backup/sperez/vise/data/images/corpus-26000/3723.jpg,1
/Backup/sperez/vise/data/images/corpus-26000/11465.jpg,1
/Backup/sperez/vise/data/images/corpus-26000/13880.jpg,1
/Backup/sperez/vise/data/images/corpus-26000/7729.jpg,1
/Backup/sperez/vise/data/images/corpus-26000/12363.jpg,1
/Backup/sperez/vise/data/images/corpus-26000/3302.jpg,1
/Backup/sperez/vise/data/images/corpus-26000/14580.jpg,1
/Backup/sperez/vise/data/images/corpus-26000/22682.jpg,1
/Backup/sperez/vise/data/images/corpus-26000/5221.jpg,1
/Backup/sperez/vise/data/images/corpus-26000/15558.jpg,1
/Backup/sperez/vise/data/images/corpus-26000/0189.jpg,1
/Backup/sperez/vise/data/images/corpus-26000/0676.jpg,1
/Backup/sperez/vise/data/images/corpus-26000/18345.jpg,1
/Backup/sperez/vise/data/images/corpus-26000/14708.jpg,1
/Backup/sperez/vise/data/images/corpus-26000/9872.jpg,1
/Backup/sperez/vise/data/images/corpus-26000/0794.jpg,1
/Backup/sperez/vise/data/images/corpus-26000/19408.jpg,1
/Backup/sperez/vise/data/images/corpus-26000/8036.jpg,1
/Backup/sperez/vise/data/images/corpus-26000/16433.jpg,1
/Backup/sperez/vise/data/images/corpus-26000/24146.jpg,1
/Backup/sperez/vise/data/images/corpus-26000/5194.jpg,1
/Backup/sperez/vise/data/images/corpus-26000/15680.jpg,1
/Backup/sperez/vise/data/images/corpus-26000/3754.jpg,1
/Backup/sperez/vise/data/images/corpus-26000/2774.jpg,1
/Backup/sperez/vise/data/images/corpus-26000/2914.jpg,1
/Backup/sperez/vise/data/images/corpus-26000/7597.jpg,1
/Backup/sperez/vise/data/images/corpus-26000/21622.jpg,1
/Backup/sperez/vise/data/images/corpus-26000/2096.jpg,1
/Backup/sperez/vise/data/images/corpus-26000/5275.jpg,1
/Backup/sperez/vise/data/images/corpus-26000/16301.jpg,1
/Backup/sperez/vise/data/images/corpus-26000/3871.jpg,1
/Backup/sperez/vise/data/images/corpus-26000/5544.jpg,1
/Backup/sperez/vise/data/images/corpus-26000/14164.jpg,1
/Backup/sperez/vise/data/images/corpus-26000/9243.jpg,1
/Backup/sperez/vise/data/images/corpus-26000/23740.jpg,1
/Backup/sperez/vise/data/images/corpus-26000/19543.jpg,1
/Backup/sperez/vise/data/images/corpus-26000/6537.jpg,1
/Backup/sperez/vise/data/images/corpus-26000/15131.jpg,1
/Backup/sperez/vise/data/images/corpus-26000/12335.jpg,1
/Backup/sperez/vise/data/images/corpus-26000/10480.jpg,1
/Backup/sperez/vise/data/images/corpus-26000/7882.jpg,1
/Backup/sperez/vise/data/images/corpus-26000/13981.jpg,1
/Backup/sperez/vise/data/images/corpus-26000/15598.jpg,1
/Backup/sperez/vise/data/images/corpus-26000/25706.jpg,1
/Backup/sperez/vise/data/images/corpus-26000/16339.jpg,1
/Backup/sperez/vise/data/images/corpus-26000/15647.jpg,1
/Backup/sperez/vise/data/images/corpus-26000/24849.jpg,1
/Backup/sperez/vise/data/images/corpus-26000/13509.jpg,1
/Backup/sperez/vise/data/images/corpus-26000/6408.jpg,1
/Backup/sperez/vise/data/images/corpus-26000/15871.jpg,1
/Backup/sperez/vise/data/images/corpus-26000/24691.jpg,1
/Backup/sperez/vise/data/images/corpus-26000/17110.jpg,1
/Backup/sperez/vise/data/images/corpus-26000/4626.jpg,1
/Backup/sperez/vise/data/images/corpus-26000/2511.jpg,1
/Backup/sperez/vise/data/images/corpus-26000/15031.jpg,1
/Backup/sperez/vise/data/images/corpus-26000/11512.jpg,1
/Backup/sperez/vise/data/images/corpus-26000/4466.jpg,1
/Backup/sperez/vise/data/images/corpus-26000/14248.jpg,1
/Backup/sperez/vise/data/images/corpus-26000/5441.jpg,1
/Backup/sperez/vise/data/images/corpus-26000/7458.jpg,1
/Backup/sperez/vise/data/images/corpus-26000/4998.jpg,1
/Backup/sperez/vise/data/images/corpus-26000/16955.jpg,1
/Backup/sperez/vise/data/images/corpus-26000/23849.jpg,1
/Backup/sperez/vise/data/images/corpus-26000/16203.jpg,1
/Backup/sperez/vise/data/images/corpus-26000/16252.jpg,1
/Backup/sperez/vise/data/images/corpus-26000/5833.jpg,1
/Backup/sperez/vise/data/images/corpus-26000/19387.jpg,1
/Backup/sperez/vise/data/images/corpus-26000/0228.jpg,1
/Backup/sperez/vise/data/images/corpus-26000/10629.jpg,1
/Backup/sperez/vise/data/images/corpus-26000/17820.jpg,1
/Backup/sperez/vise/data/images/corpus-26000/9398.jpg,1
/Backup/sperez/vise/data/images/corpus-26000/13171.jpg,1
/Backup/sperez/vise/data/images/corpus-26000/2954.jpg,1
/Backup/sperez/vise/data/images/corpus-26000/9206.jpg,1
/Backup/sperez/vise/data/images/corpus-26000/22967.jpg,1
/Backup/sperez/vise/data/images/corpus-26000/19654.jpg,1
/Backup/sperez/vise/data/images/corpus-26000/8225.jpg,1
/Backup/sperez/vise/data/images/corpus-26000/22353.jpg,1
/Backup/sperez/vise/data/images/corpus-26000/11025.jpg,1
/Backup/sperez/vise/data/images/corpus-26000/12411.jpg,1
/Backup/sperez/vise/data/images/corpus-26000/0121.jpg,1
/Backup/sperez/vise/data/images/corpus-26000/19177.jpg,1
/Backup/sperez/vise/data/images/corpus-26000/8753.jpg,1
/Backup/sperez/vise/data/images/corpus-26000/2321.jpg,1
/Backup/sperez/vise/data/images/corpus-26000/9069.jpg,1
/Backup/sperez/vise/data/images/corpus-26000/0769.jpg,1
/Backup/sperez/vise/data/images/corpus-26000/6837.jpg,1
/Backup/sperez/vise/data/images/corpus-26000/16319.jpg,1
/Backup/sperez/vise/data/images/corpus-26000/11221.jpg,1
/Backup/sperez/vise/data/images/corpus-26000/16397.jpg,1
/Backup/sperez/vise/data/images/corpus-26000/19978.jpg,1
/Backup/sperez/vise/data/images/corpus-26000/17188.jpg,1
/Backup/sperez/vise/data/images/corpus-26000/10999.jpg,1
/Backup/sperez/vise/data/images/corpus-26000/17672.jpg,1
/Backup/sperez/vise/data/images/corpus-26000/17536.jpg,1
/Backup/sperez/vise/data/images/corpus-26000/12034.jpg,1
/Backup/sperez/vise/data/images/corpus-26000/4337.jpg,1
/Backup/sperez/vise/data/images/corpus-26000/8611.jpg,1
/Backup/sperez/vise/data/images/corpus-26000/10130.jpg,1
/Backup/sperez/vise/data/images/corpus-26000/11220.jpg,1
/Backup/sperez/vise/data/images/corpus-26000/13308.jpg,1
/Backup/sperez/vise/data/images/corpus-26000/4812.jpg,1
/Backup/sperez/vise/data/images/corpus-26000/5130.jpg,1
/Backup/sperez/vise/data/images/corpus-26000/15446.jpg,1
/Backup/sperez/vise/data/images/corpus-26000/17869.jpg,1
/Backup/sperez/vise/data/images/corpus-26000/12921.jpg,1
/Backup/sperez/vise/data/images/corpus-26000/1952.jpg,1
/Backup/sperez/vise/data/images/corpus-26000/14454.jpg,1
/Backup/sperez/vise/data/images/corpus-26000/8226.jpg,1
/Backup/sperez/vise/data/images/corpus-26000/9677.jpg,1
/Backup/sperez/vise/data/images/corpus-26000/8962.jpg,1
/Backup/sperez/vise/data/images/corpus-26000/9761.jpg,1
/Backup/sperez/vise/data/images/corpus-26000/14861.jpg,1
/Backup/sperez/vise/data/images/corpus-26000/19338.jpg,1
/Backup/sperez/vise/data/images/corpus-26000/9818.jpg,1
/Backup/sperez/vise/data/images/corpus-26000/5288.jpg,1
/Backup/sperez/vise/data/images/corpus-26000/20597.jpg,1
/Backup/sperez/vise/data/images/corpus-26000/6597.jpg,1
/Backup/sperez/vise/data/images/corpus-26000/24961.jpg,1
/Backup/sperez/vise/data/images/corpus-26000/24376.jpg,1
/Backup/sperez/vise/data/images/corpus-26000/19726.jpg,1
/Backup/sperez/vise/data/images/corpus-26000/9487.jpg,1
/Backup/sperez/vise/data/images/corpus-26000/25069.jpg,1
/Backup/sperez/vise/data/images/corpus-26000/14669.jpg,1
/Backup/sperez/vise/data/images/corpus-26000/11275.jpg,1
/Backup/sperez/vise/data/images/corpus-26000/20332.jpg,1
/Backup/sperez/vise/data/images/corpus-26000/3404.jpg,1
/Backup/sperez/vise/data/images/corpus-26000/13538.jpg,1
/Backup/sperez/vise/data/images/corpus-26000/12770.jpg,1
/Backup/sperez/vise/data/images/corpus-26000/4499.jpg,1
/Backup/sperez/vise/data/images/corpus-26000/18735.jpg,1
/Backup/sperez/vise/data/images/corpus-26000/23143.jpg,1
/Backup/sperez/vise/data/images/corpus-26000/1626.jpg,1
/Backup/sperez/vise/data/images/corpus-26000/12378.jpg,1
/Backup/sperez/vise/data/images/corpus-26000/15960.jpg,1
/Backup/sperez/vise/data/images/corpus-26000/5400.jpg,1
/Backup/sperez/vise/data/images/corpus-26000/20064.jpg,1
/Backup/sperez/vise/data/images/corpus-26000/0056.jpg,1
/Backup/sperez/vise/data/images/corpus-26000/12998.jpg,1
/Backup/sperez/vise/data/images/corpus-26000/1431.jpg,1
/Backup/sperez/vise/data/images/corpus-26000/4215.jpg,1
/Backup/sperez/vise/data/images/corpus-26000/11531.jpg,1
/Backup/sperez/vise/data/images/corpus-26000/3566.jpg,1
/Backup/sperez/vise/data/images/corpus-26000/7682.jpg,1
/Backup/sperez/vise/data/images/corpus-26000/6977.jpg,1
